customer_ref,full_name,email,customer_type
CUST-500001,Kavya Quiroga,kavya.quiroga66@example.test,STANDARD
CUST-500002,Dev Okafor,dev.okafor2@example.test,STANDARD
CUST-500003,Chloe Rossi,chloe.rossi69@example.test,STANDARD
CUST-500004,Dev Nakamura,dev.nakamura65@example.test,VOLTCARE_PLUS
CUST-500005,Wes Tanaka,wes.tanaka55@example.test,STANDARD
CUST-500006,Zara Moreau,zara.moreau56@example.test,VOLTCARE_PLUS
CUST-500007,Olga Quiroga,olga.quiroga99@example.test,VOLTCARE_PLUS
CUST-500008,Farid Nakamura,farid.nakamura94@example.test,VOLTCARE_PLUS
CUST-500009,Olga Sato,olga.sato70@example.test,STANDARD
CUST-500010,Kavya Varga,kavya.varga75@example.test,STANDARD
CUST-500011,Maya Eriksen,maya.eriksen67@example.test,VOLTCARE_PLUS
CUST-500012,Kavya Varga,kavya.varga39@example.test,VOLTCARE_PLUS
CUST-500013,Tara Haddad,tara.haddad87@example.test,VOLTCARE_PLUS
CUST-500014,Elena Umeh,elena.umeh68@example.test,STANDARD
CUST-500015,Farid Ivanova,farid.ivanova60@example.test,STANDARD
CUST-500016,Amira Castillo,amira.castillo59@example.test,STANDARD
CUST-500017,Dev Tanaka,dev.tanaka92@example.test,STANDARD
CUST-500018,Farid Dimitrov,farid.dimitrov88@example.test,VOLTCARE_PLUS
CUST-500019,Ines Castillo,ines.castillo2@example.test,STANDARD
CUST-500020,Kavya Zamora,kavya.zamora59@example.test,STANDARD
CUST-500021,Quinn Varga,quinn.varga33@example.test,STANDARD
CUST-500022,Kavya Sato,kavya.sato3@example.test,VOLTCARE_PLUS
CUST-500023,Amira Nakamura,amira.nakamura75@example.test,STANDARD
CUST-500024,Zara Eriksen,zara.eriksen30@example.test,STANDARD
CUST-500025,Umar Quiroga,umar.quiroga97@example.test,STANDARD
CUST-500026,Zara Haddad,zara.haddad72@example.test,STANDARD
CUST-500027,Pedro Abbott,pedro.abbott46@example.test,STANDARD
CUST-500028,Wes Sato,wes.sato40@example.test,STANDARD
CUST-500029,Ximena Sato,ximena.sato85@example.test,STANDARD
CUST-500030,Liam Zamora,liam.zamora69@example.test,VOLTCARE_PLUS
CUST-500031,Rosa Eriksen,rosa.eriksen77@example.test,STANDARD
CUST-500032,Umar Dimitrov,umar.dimitrov45@example.test,STANDARD
CUST-500033,Yusuf Jensen,yusuf.jensen34@example.test,VOLTCARE_PLUS
CUST-500034,Wes Lopez,wes.lopez98@example.test,STANDARD
CUST-500035,Dev Khan,dev.khan35@example.test,STANDARD
CUST-500036,Maya Abbott,maya.abbott71@example.test,VOLTCARE_PLUS
CUST-500037,Amira Ivanova,amira.ivanova72@example.test,STANDARD
CUST-500038,Vera Ivanova,vera.ivanova42@example.test,STANDARD
CUST-500039,Grace Tanaka,grace.tanaka87@example.test,VOLTCARE_PLUS
CUST-500040,Ines Nakamura,ines.nakamura6@example.test,STANDARD
CUST-500041,Pedro Khan,pedro.khan33@example.test,STANDARD
CUST-500042,Quinn Yilmaz,quinn.yilmaz52@example.test,STANDARD
CUST-500043,Pedro Khan,pedro.khan85@example.test,STANDARD
CUST-500044,Zara Ivanova,zara.ivanova92@example.test,STANDARD
CUST-500045,Ximena Eriksen,ximena.eriksen17@example.test,STANDARD
CUST-500046,Yusuf Farouk,yusuf.farouk88@example.test,STANDARD
CUST-500047,Vera Yilmaz,vera.yilmaz53@example.test,VOLTCARE_PLUS
CUST-500048,Farid Quiroga,farid.quiroga25@example.test,STANDARD
CUST-500049,Olga Lopez,olga.lopez91@example.test,VOLTCARE_PLUS
CUST-500050,Dev Farouk,dev.farouk27@example.test,STANDARD
CUST-500051,Pedro Quiroga,pedro.quiroga59@example.test,STANDARD
CUST-500052,Yusuf Ivanova,yusuf.ivanova88@example.test,STANDARD
CUST-500053,Maya Umeh,maya.umeh74@example.test,STANDARD
CUST-500054,Ben Yilmaz,ben.yilmaz10@example.test,STANDARD
CUST-500055,Hugo Quiroga,hugo.quiroga41@example.test,VOLTCARE_PLUS
CUST-500056,Pedro Gallo,pedro.gallo50@example.test,STANDARD
CUST-500057,Tara Quiroga,tara.quiroga22@example.test,STANDARD
CUST-500058,Maya Abbott,maya.abbott32@example.test,VOLTCARE_PLUS
CUST-500059,Rosa Varga,rosa.varga5@example.test,VOLTCARE_PLUS
CUST-500060,Tara Umeh,tara.umeh6@example.test,STANDARD
CUST-500061,Chloe Haddad,chloe.haddad5@example.test,VOLTCARE_PLUS
CUST-500062,Ines Umeh,ines.umeh84@example.test,VOLTCARE_PLUS
CUST-500063,Pedro Rossi,pedro.rossi15@example.test,STANDARD
CUST-500064,Hugo Dimitrov,hugo.dimitrov49@example.test,STANDARD
CUST-500065,Tara Quiroga,tara.quiroga85@example.test,STANDARD
CUST-500066,Umar Umeh,umar.umeh1@example.test,VOLTCARE_PLUS
CUST-500067,Olga Yilmaz,olga.yilmaz80@example.test,STANDARD
CUST-500068,Farid Dimitrov,farid.dimitrov30@example.test,STANDARD
CUST-500069,Farid Quiroga,farid.quiroga39@example.test,STANDARD
CUST-500070,Ximena Bello,ximena.bello77@example.test,STANDARD
CUST-500071,Nikhil Quiroga,nikhil.quiroga55@example.test,STANDARD
CUST-500072,Farid Nakamura,farid.nakamura66@example.test,VOLTCARE_PLUS
CUST-500073,Nikhil Haddad,nikhil.haddad42@example.test,STANDARD
CUST-500074,Kavya Tanaka,kavya.tanaka24@example.test,VOLTCARE_PLUS
CUST-500075,Nikhil Castillo,nikhil.castillo57@example.test,VOLTCARE_PLUS
CUST-500076,Nikhil Dimitrov,nikhil.dimitrov45@example.test,STANDARD
CUST-500077,Sami Zamora,sami.zamora80@example.test,STANDARD
CUST-500078,Jonah Nakamura,jonah.nakamura95@example.test,VOLTCARE_PLUS
CUST-500079,Wes Khan,wes.khan94@example.test,STANDARD
CUST-500080,Sami Khan,sami.khan73@example.test,VOLTCARE_PLUS
CUST-500081,Tara Abbott,tara.abbott91@example.test,STANDARD
CUST-500082,Grace Bello,grace.bello10@example.test,STANDARD
CUST-500083,Wes Castillo,wes.castillo14@example.test,STANDARD
CUST-500084,Nikhil Jensen,nikhil.jensen20@example.test,STANDARD
CUST-500085,Zara Abbott,zara.abbott37@example.test,STANDARD
CUST-500086,Amira Dimitrov,amira.dimitrov25@example.test,STANDARD
CUST-500087,Grace Khan,grace.khan33@example.test,STANDARD
CUST-500088,Vera Dimitrov,vera.dimitrov50@example.test,STANDARD
CUST-500089,Zara Rossi,zara.rossi7@example.test,STANDARD
CUST-500090,Dev Ivanova,dev.ivanova87@example.test,STANDARD
CUST-500091,Umar Gallo,umar.gallo70@example.test,STANDARD
CUST-500092,Ben Lopez,ben.lopez87@example.test,STANDARD
CUST-500093,Rosa Umeh,rosa.umeh68@example.test,STANDARD
CUST-500094,Maya Dimitrov,maya.dimitrov92@example.test,STANDARD
CUST-500095,Ben Yilmaz,ben.yilmaz68@example.test,STANDARD
CUST-500096,Chloe Moreau,chloe.moreau49@example.test,STANDARD
CUST-500097,Chloe Okafor,chloe.okafor23@example.test,STANDARD
CUST-500098,Wes Castillo,wes.castillo98@example.test,STANDARD
CUST-500099,Quinn Eriksen,quinn.eriksen32@example.test,STANDARD
CUST-500100,Olga Quiroga,olga.quiroga97@example.test,STANDARD
CUST-500101,Ximena Rossi,ximena.rossi1@example.test,STANDARD
CUST-500102,Olga Zamora,olga.zamora7@example.test,STANDARD
CUST-500103,Olga Weber,olga.weber68@example.test,VOLTCARE_PLUS
CUST-500104,Farid Abbott,farid.abbott32@example.test,STANDARD
CUST-500105,Pedro Dimitrov,pedro.dimitrov44@example.test,VOLTCARE_PLUS
CUST-500106,Pedro Abbott,pedro.abbott44@example.test,VOLTCARE_PLUS
CUST-500107,Liam Rossi,liam.rossi16@example.test,STANDARD
CUST-500108,Rosa Khan,rosa.khan8@example.test,STANDARD
CUST-500109,Rosa Yilmaz,rosa.yilmaz12@example.test,STANDARD
CUST-500110,Vera Tanaka,vera.tanaka23@example.test,STANDARD
CUST-500111,Wes Abbott,wes.abbott88@example.test,VOLTCARE_PLUS
CUST-500112,Dev Khan,dev.khan16@example.test,STANDARD
CUST-500113,Quinn Eriksen,quinn.eriksen60@example.test,VOLTCARE_PLUS
CUST-500114,Ben Okafor,ben.okafor6@example.test,VOLTCARE_PLUS
CUST-500115,Kavya Bello,kavya.bello9@example.test,STANDARD
CUST-500116,Farid Zamora,farid.zamora35@example.test,STANDARD
CUST-500117,Dev Moreau,dev.moreau10@example.test,STANDARD
CUST-500118,Ines Rossi,ines.rossi18@example.test,STANDARD
CUST-500119,Hugo Lopez,hugo.lopez17@example.test,STANDARD
CUST-500120,Jonah Farouk,jonah.farouk37@example.test,STANDARD
CUST-500121,Jonah Ivanova,jonah.ivanova94@example.test,VOLTCARE_PLUS
CUST-500122,Amira Jensen,amira.jensen74@example.test,STANDARD
CUST-500123,Maya Rossi,maya.rossi62@example.test,STANDARD
CUST-500124,Farid Abbott,farid.abbott41@example.test,VOLTCARE_PLUS
CUST-500125,Ximena Jensen,ximena.jensen70@example.test,VOLTCARE_PLUS
CUST-500126,Sami Khan,sami.khan32@example.test,VOLTCARE_PLUS
CUST-500127,Farid Abbott,farid.abbott64@example.test,STANDARD
CUST-500128,Ines Ivanova,ines.ivanova28@example.test,STANDARD
CUST-500129,Olga Okafor,olga.okafor77@example.test,VOLTCARE_PLUS
CUST-500130,Rosa Sato,rosa.sato74@example.test,STANDARD
CUST-500131,Olga Castillo,olga.castillo29@example.test,STANDARD
CUST-500132,Tara Farouk,tara.farouk8@example.test,STANDARD
CUST-500133,Kavya Eriksen,kavya.eriksen56@example.test,STANDARD
CUST-500134,Liam Umeh,liam.umeh69@example.test,VOLTCARE_PLUS
CUST-500135,Dev Gallo,dev.gallo31@example.test,STANDARD
CUST-500136,Ines Jensen,ines.jensen49@example.test,STANDARD
CUST-500137,Liam Jensen,liam.jensen74@example.test,STANDARD
CUST-500138,Hugo Petrov,hugo.petrov81@example.test,STANDARD
CUST-500139,Ines Yilmaz,ines.yilmaz66@example.test,STANDARD
CUST-500140,Farid Rossi,farid.rossi35@example.test,STANDARD
CUST-500141,Pedro Lopez,pedro.lopez3@example.test,VOLTCARE_PLUS
CUST-500142,Umar Jensen,umar.jensen85@example.test,VOLTCARE_PLUS
CUST-500143,Pedro Ivanova,pedro.ivanova59@example.test,VOLTCARE_PLUS
CUST-500144,Umar Sato,umar.sato10@example.test,VOLTCARE_PLUS
CUST-500145,Ben Nakamura,ben.nakamura79@example.test,VOLTCARE_PLUS
CUST-500146,Ines Yilmaz,ines.yilmaz52@example.test,VOLTCARE_PLUS
CUST-500147,Rosa Dimitrov,rosa.dimitrov64@example.test,VOLTCARE_PLUS
CUST-500148,Farid Quiroga,farid.quiroga35@example.test,VOLTCARE_PLUS
CUST-500149,Umar Okafor,umar.okafor98@example.test,STANDARD
CUST-500150,Rosa Umeh,rosa.umeh45@example.test,VOLTCARE_PLUS
CUST-500151,Rosa Rossi,rosa.rossi93@example.test,STANDARD
CUST-500152,Quinn Gallo,quinn.gallo53@example.test,STANDARD
CUST-500153,Yusuf Khan,yusuf.khan59@example.test,STANDARD
CUST-500154,Dev Moreau,dev.moreau75@example.test,STANDARD
CUST-500155,Kavya Dimitrov,kavya.dimitrov16@example.test,STANDARD
CUST-500156,Elena Haddad,elena.haddad12@example.test,STANDARD
CUST-500157,Hugo Bello,hugo.bello74@example.test,STANDARD
CUST-500158,Quinn Dimitrov,quinn.dimitrov82@example.test,STANDARD
CUST-500159,Liam Weber,liam.weber20@example.test,STANDARD
CUST-500160,Tara Khan,tara.khan70@example.test,VOLTCARE_PLUS
CUST-500161,Nikhil Abbott,nikhil.abbott42@example.test,STANDARD
CUST-500162,Yusuf Farouk,yusuf.farouk90@example.test,VOLTCARE_PLUS
CUST-500163,Hugo Haddad,hugo.haddad65@example.test,STANDARD
CUST-500164,Hugo Khan,hugo.khan40@example.test,STANDARD
CUST-500165,Tara Umeh,tara.umeh25@example.test,STANDARD
CUST-500166,Wes Rossi,wes.rossi57@example.test,STANDARD
CUST-500167,Ximena Zamora,ximena.zamora15@example.test,STANDARD
CUST-500168,Zara Khan,zara.khan61@example.test,STANDARD
CUST-500169,Hugo Eriksen,hugo.eriksen54@example.test,VOLTCARE_PLUS
CUST-500170,Wes Weber,wes.weber14@example.test,STANDARD
CUST-500171,Pedro Moreau,pedro.moreau58@example.test,STANDARD
CUST-500172,Pedro Bello,pedro.bello78@example.test,VOLTCARE_PLUS
CUST-500173,Jonah Ivanova,jonah.ivanova58@example.test,VOLTCARE_PLUS
CUST-500174,Elena Gallo,elena.gallo50@example.test,STANDARD
CUST-500175,Kavya Jensen,kavya.jensen64@example.test,STANDARD
CUST-500176,Zara Jensen,zara.jensen33@example.test,STANDARD
CUST-500177,Sami Dimitrov,sami.dimitrov48@example.test,STANDARD
CUST-500178,Hugo Nakamura,hugo.nakamura97@example.test,VOLTCARE_PLUS
CUST-500179,Olga Jensen,olga.jensen97@example.test,STANDARD
CUST-500180,Tara Okafor,tara.okafor27@example.test,VOLTCARE_PLUS
CUST-500181,Rosa Sato,rosa.sato13@example.test,STANDARD
CUST-500182,Ines Okafor,ines.okafor15@example.test,STANDARD
CUST-500183,Ines Jensen,ines.jensen2@example.test,VOLTCARE_PLUS
CUST-500184,Jonah Petrov,jonah.petrov7@example.test,STANDARD
CUST-500185,Farid Varga,farid.varga18@example.test,VOLTCARE_PLUS
CUST-500186,Sami Varga,sami.varga17@example.test,STANDARD
CUST-500187,Nikhil Bello,nikhil.bello35@example.test,VOLTCARE_PLUS
CUST-500188,Quinn Dimitrov,quinn.dimitrov97@example.test,VOLTCARE_PLUS
CUST-500189,Grace Bello,grace.bello5@example.test,STANDARD
CUST-500190,Wes Castillo,wes.castillo2@example.test,STANDARD
CUST-500191,Chloe Eriksen,chloe.eriksen31@example.test,VOLTCARE_PLUS
CUST-500192,Quinn Rossi,quinn.rossi13@example.test,STANDARD
CUST-500193,Nikhil Dimitrov,nikhil.dimitrov19@example.test,VOLTCARE_PLUS
CUST-500194,Nikhil Lopez,nikhil.lopez58@example.test,STANDARD
CUST-500195,Ines Weber,ines.weber91@example.test,STANDARD
CUST-500196,Rosa Khan,rosa.khan14@example.test,STANDARD
CUST-500197,Ximena Petrov,ximena.petrov20@example.test,VOLTCARE_PLUS
CUST-500198,Dev Umeh,dev.umeh14@example.test,STANDARD
CUST-500199,Olga Farouk,olga.farouk14@example.test,VOLTCARE_PLUS
CUST-500200,Tara Khan,tara.khan63@example.test,STANDARD
CUST-500201,Umar Dimitrov,umar.dimitrov76@example.test,STANDARD
CUST-500202,Liam Varga,liam.varga30@example.test,STANDARD
CUST-500203,Elena Abbott,elena.abbott26@example.test,STANDARD
CUST-500204,Hugo Haddad,hugo.haddad50@example.test,STANDARD
CUST-500205,Amira Zamora,amira.zamora89@example.test,VOLTCARE_PLUS
CUST-500206,Farid Eriksen,farid.eriksen39@example.test,VOLTCARE_PLUS
CUST-500207,Chloe Gallo,chloe.gallo74@example.test,STANDARD
CUST-500208,Umar Gallo,umar.gallo51@example.test,STANDARD
CUST-500209,Olga Sato,olga.sato36@example.test,STANDARD
CUST-500210,Zara Lopez,zara.lopez88@example.test,STANDARD
CUST-500211,Ben Petrov,ben.petrov60@example.test,STANDARD
CUST-500212,Sami Moreau,sami.moreau35@example.test,STANDARD
CUST-500213,Nikhil Umeh,nikhil.umeh95@example.test,STANDARD
CUST-500214,Grace Bello,grace.bello48@example.test,STANDARD
CUST-500215,Chloe Yilmaz,chloe.yilmaz57@example.test,STANDARD
CUST-500216,Nikhil Quiroga,nikhil.quiroga43@example.test,VOLTCARE_PLUS
CUST-500217,Farid Gallo,farid.gallo63@example.test,STANDARD
CUST-500218,Farid Ivanova,farid.ivanova80@example.test,STANDARD
CUST-500219,Tara Khan,tara.khan75@example.test,STANDARD
CUST-500220,Wes Eriksen,wes.eriksen59@example.test,STANDARD
CUST-500221,Grace Weber,grace.weber90@example.test,STANDARD
CUST-500222,Ines Umeh,ines.umeh19@example.test,VOLTCARE_PLUS
CUST-500223,Olga Zamora,olga.zamora10@example.test,STANDARD
CUST-500224,Nikhil Jensen,nikhil.jensen16@example.test,STANDARD
CUST-500225,Amira Nakamura,amira.nakamura85@example.test,STANDARD
CUST-500226,Olga Khan,olga.khan99@example.test,STANDARD
CUST-500227,Pedro Zamora,pedro.zamora37@example.test,STANDARD
CUST-500228,Quinn Ivanova,quinn.ivanova47@example.test,STANDARD
CUST-500229,Pedro Umeh,pedro.umeh97@example.test,STANDARD
CUST-500230,Rosa Petrov,rosa.petrov77@example.test,VOLTCARE_PLUS
CUST-500231,Umar Varga,umar.varga74@example.test,VOLTCARE_PLUS
CUST-500232,Rosa Zamora,rosa.zamora92@example.test,STANDARD
CUST-500233,Sami Yilmaz,sami.yilmaz91@example.test,VOLTCARE_PLUS
CUST-500234,Sami Khan,sami.khan12@example.test,VOLTCARE_PLUS
CUST-500235,Rosa Jensen,rosa.jensen87@example.test,STANDARD
CUST-500236,Elena Okafor,elena.okafor67@example.test,STANDARD
CUST-500237,Hugo Ivanova,hugo.ivanova59@example.test,VOLTCARE_PLUS
CUST-500238,Ximena Castillo,ximena.castillo88@example.test,VOLTCARE_PLUS
CUST-500239,Grace Farouk,grace.farouk64@example.test,STANDARD
CUST-500240,Ximena Farouk,ximena.farouk64@example.test,STANDARD
CUST-500241,Umar Umeh,umar.umeh68@example.test,VOLTCARE_PLUS
CUST-500242,Pedro Khan,pedro.khan42@example.test,STANDARD
CUST-500243,Tara Zamora,tara.zamora23@example.test,STANDARD
CUST-500244,Yusuf Tanaka,yusuf.tanaka7@example.test,STANDARD
CUST-500245,Dev Ivanova,dev.ivanova76@example.test,STANDARD
CUST-500246,Jonah Abbott,jonah.abbott42@example.test,STANDARD
CUST-500247,Nikhil Gallo,nikhil.gallo11@example.test,STANDARD
CUST-500248,Farid Petrov,farid.petrov7@example.test,VOLTCARE_PLUS
CUST-500249,Wes Farouk,wes.farouk79@example.test,STANDARD
CUST-500250,Maya Farouk,maya.farouk12@example.test,STANDARD
CUST-500251,Umar Varga,umar.varga20@example.test,STANDARD
CUST-500252,Kavya Abbott,kavya.abbott41@example.test,VOLTCARE_PLUS
CUST-500253,Amira Dimitrov,amira.dimitrov90@example.test,STANDARD
CUST-500254,Kavya Moreau,kavya.moreau44@example.test,STANDARD
CUST-500255,Chloe Farouk,chloe.farouk23@example.test,STANDARD
CUST-500256,Hugo Sato,hugo.sato6@example.test,STANDARD
CUST-500257,Ines Haddad,ines.haddad28@example.test,STANDARD
CUST-500258,Olga Nakamura,olga.nakamura48@example.test,STANDARD
CUST-500259,Ben Ivanova,ben.ivanova11@example.test,STANDARD
CUST-500260,Hugo Dimitrov,hugo.dimitrov50@example.test,STANDARD
CUST-500261,Chloe Dimitrov,chloe.dimitrov34@example.test,STANDARD
CUST-500262,Amira Rossi,amira.rossi51@example.test,STANDARD
CUST-500263,Amira Moreau,amira.moreau20@example.test,STANDARD
CUST-500264,Quinn Haddad,quinn.haddad84@example.test,VOLTCARE_PLUS
CUST-500265,Rosa Zamora,rosa.zamora8@example.test,STANDARD
CUST-500266,Liam Khan,liam.khan64@example.test,VOLTCARE_PLUS
CUST-500267,Quinn Rossi,quinn.rossi16@example.test,STANDARD
CUST-500268,Grace Farouk,grace.farouk75@example.test,STANDARD
CUST-500269,Dev Abbott,dev.abbott9@example.test,VOLTCARE_PLUS
CUST-500270,Liam Zamora,liam.zamora98@example.test,STANDARD
CUST-500271,Vera Khan,vera.khan39@example.test,STANDARD
CUST-500272,Zara Rossi,zara.rossi70@example.test,STANDARD
CUST-500273,Vera Zamora,vera.zamora41@example.test,STANDARD
CUST-500274,Hugo Castillo,hugo.castillo72@example.test,VOLTCARE_PLUS
CUST-500275,Kavya Zamora,kavya.zamora67@example.test,STANDARD
CUST-500276,Olga Eriksen,olga.eriksen80@example.test,STANDARD
CUST-500277,Farid Abbott,farid.abbott98@example.test,VOLTCARE_PLUS
CUST-500278,Kavya Rossi,kavya.rossi26@example.test,STANDARD
CUST-500279,Sami Rossi,sami.rossi88@example.test,STANDARD
CUST-500280,Ben Varga,ben.varga20@example.test,STANDARD
CUST-500281,Amira Zamora,amira.zamora25@example.test,STANDARD
CUST-500282,Dev Khan,dev.khan70@example.test,VOLTCARE_PLUS
CUST-500283,Elena Lopez,elena.lopez17@example.test,VOLTCARE_PLUS
CUST-500284,Amira Lopez,amira.lopez74@example.test,STANDARD
CUST-500285,Elena Petrov,elena.petrov80@example.test,STANDARD
CUST-500286,Amira Eriksen,amira.eriksen70@example.test,VOLTCARE_PLUS
CUST-500287,Jonah Bello,jonah.bello81@example.test,STANDARD
CUST-500288,Liam Lopez,liam.lopez37@example.test,STANDARD
CUST-500289,Ben Weber,ben.weber82@example.test,STANDARD
CUST-500290,Pedro Umeh,pedro.umeh10@example.test,STANDARD
CUST-500291,Dev Nakamura,dev.nakamura70@example.test,STANDARD
CUST-500292,Wes Umeh,wes.umeh57@example.test,STANDARD
CUST-500293,Zara Nakamura,zara.nakamura43@example.test,STANDARD
CUST-500294,Pedro Moreau,pedro.moreau8@example.test,STANDARD
CUST-500295,Dev Lopez,dev.lopez10@example.test,STANDARD
CUST-500296,Elena Eriksen,elena.eriksen95@example.test,STANDARD
CUST-500297,Quinn Jensen,quinn.jensen61@example.test,STANDARD
CUST-500298,Hugo Jensen,hugo.jensen28@example.test,STANDARD
CUST-500299,Yusuf Eriksen,yusuf.eriksen17@example.test,STANDARD
CUST-500300,Liam Weber,liam.weber48@example.test,VOLTCARE_PLUS
CUST-500301,Elena Castillo,elena.castillo67@example.test,VOLTCARE_PLUS
CUST-500302,Elena Sato,elena.sato76@example.test,STANDARD
CUST-500303,Liam Weber,liam.weber50@example.test,STANDARD
CUST-500304,Tara Yilmaz,tara.yilmaz78@example.test,VOLTCARE_PLUS
CUST-500305,Chloe Umeh,chloe.umeh44@example.test,STANDARD
CUST-500306,Ben Moreau,ben.moreau55@example.test,STANDARD
CUST-500307,Elena Haddad,elena.haddad18@example.test,STANDARD
CUST-500308,Farid Quiroga,farid.quiroga17@example.test,VOLTCARE_PLUS
CUST-500309,Chloe Gallo,chloe.gallo35@example.test,STANDARD
CUST-500310,Pedro Okafor,pedro.okafor66@example.test,VOLTCARE_PLUS
CUST-500311,Ximena Lopez,ximena.lopez54@example.test,STANDARD
CUST-500312,Jonah Gallo,jonah.gallo96@example.test,STANDARD
CUST-500313,Ben Jensen,ben.jensen63@example.test,STANDARD
CUST-500314,Grace Okafor,grace.okafor56@example.test,VOLTCARE_PLUS
CUST-500315,Elena Nakamura,elena.nakamura94@example.test,STANDARD
CUST-500316,Quinn Zamora,quinn.zamora17@example.test,STANDARD
CUST-500317,Rosa Eriksen,rosa.eriksen69@example.test,STANDARD
CUST-500318,Dev Zamora,dev.zamora71@example.test,STANDARD
CUST-500319,Olga Nakamura,olga.nakamura54@example.test,STANDARD
CUST-500320,Yusuf Khan,yusuf.khan61@example.test,STANDARD
CUST-500321,Ximena Tanaka,ximena.tanaka34@example.test,STANDARD
CUST-500322,Elena Bello,elena.bello51@example.test,STANDARD
CUST-500323,Ximena Okafor,ximena.okafor31@example.test,STANDARD
CUST-500324,Yusuf Haddad,yusuf.haddad17@example.test,STANDARD
CUST-500325,Sami Petrov,sami.petrov3@example.test,STANDARD
CUST-500326,Olga Nakamura,olga.nakamura30@example.test,VOLTCARE_PLUS
CUST-500327,Liam Tanaka,liam.tanaka19@example.test,STANDARD
CUST-500328,Umar Okafor,umar.okafor34@example.test,STANDARD
CUST-500329,Dev Nakamura,dev.nakamura51@example.test,STANDARD
CUST-500330,Umar Umeh,umar.umeh9@example.test,STANDARD
CUST-500331,Kavya Zamora,kavya.zamora67@example.test,VOLTCARE_PLUS
CUST-500332,Yusuf Lopez,yusuf.lopez84@example.test,STANDARD
CUST-500333,Ximena Varga,ximena.varga27@example.test,STANDARD
CUST-500334,Quinn Dimitrov,quinn.dimitrov14@example.test,VOLTCARE_PLUS
CUST-500335,Elena Okafor,elena.okafor82@example.test,STANDARD
CUST-500336,Jonah Zamora,jonah.zamora15@example.test,STANDARD
CUST-500337,Grace Abbott,grace.abbott93@example.test,STANDARD
CUST-500338,Olga Tanaka,olga.tanaka64@example.test,STANDARD
CUST-500339,Elena Dimitrov,elena.dimitrov63@example.test,STANDARD
CUST-500340,Kavya Umeh,kavya.umeh66@example.test,STANDARD
CUST-500341,Rosa Farouk,rosa.farouk92@example.test,VOLTCARE_PLUS
CUST-500342,Dev Farouk,dev.farouk8@example.test,STANDARD
CUST-500343,Hugo Varga,hugo.varga90@example.test,STANDARD
CUST-500344,Grace Farouk,grace.farouk31@example.test,STANDARD
CUST-500345,Wes Bello,wes.bello83@example.test,VOLTCARE_PLUS
CUST-500346,Grace Umeh,grace.umeh66@example.test,STANDARD
CUST-500347,Jonah Umeh,jonah.umeh75@example.test,STANDARD
CUST-500348,Zara Umeh,zara.umeh15@example.test,STANDARD
CUST-500349,Chloe Farouk,chloe.farouk44@example.test,STANDARD
CUST-500350,Farid Tanaka,farid.tanaka80@example.test,VOLTCARE_PLUS
CUST-500351,Tara Yilmaz,tara.yilmaz55@example.test,STANDARD
CUST-500352,Jonah Umeh,jonah.umeh7@example.test,VOLTCARE_PLUS
CUST-500353,Jonah Lopez,jonah.lopez64@example.test,STANDARD
CUST-500354,Hugo Bello,hugo.bello69@example.test,STANDARD
CUST-500355,Nikhil Dimitrov,nikhil.dimitrov47@example.test,STANDARD
CUST-500356,Sami Varga,sami.varga35@example.test,VOLTCARE_PLUS
CUST-500357,Liam Bello,liam.bello11@example.test,STANDARD
CUST-500358,Elena Khan,elena.khan74@example.test,STANDARD
CUST-500359,Liam Rossi,liam.rossi71@example.test,STANDARD
CUST-500360,Liam Moreau,liam.moreau61@example.test,STANDARD
CUST-500361,Quinn Okafor,quinn.okafor14@example.test,STANDARD
CUST-500362,Nikhil Lopez,nikhil.lopez17@example.test,STANDARD
CUST-500363,Chloe Umeh,chloe.umeh28@example.test,STANDARD
CUST-500364,Rosa Tanaka,rosa.tanaka41@example.test,VOLTCARE_PLUS
CUST-500365,Olga Abbott,olga.abbott1@example.test,STANDARD
CUST-500366,Ximena Nakamura,ximena.nakamura31@example.test,STANDARD
CUST-500367,Ines Abbott,ines.abbott51@example.test,STANDARD
CUST-500368,Sami Khan,sami.khan7@example.test,STANDARD
CUST-500369,Umar Zamora,umar.zamora9@example.test,STANDARD
CUST-500370,Liam Rossi,liam.rossi80@example.test,VOLTCARE_PLUS
CUST-500371,Farid Sato,farid.sato51@example.test,VOLTCARE_PLUS
CUST-500372,Yusuf Yilmaz,yusuf.yilmaz40@example.test,STANDARD
CUST-500373,Nikhil Tanaka,nikhil.tanaka45@example.test,STANDARD
CUST-500374,Umar Eriksen,umar.eriksen97@example.test,STANDARD
CUST-500375,Ines Weber,ines.weber31@example.test,VOLTCARE_PLUS
CUST-500376,Zara Petrov,zara.petrov35@example.test,STANDARD
CUST-500377,Jonah Abbott,jonah.abbott14@example.test,STANDARD
CUST-500378,Yusuf Farouk,yusuf.farouk24@example.test,STANDARD
CUST-500379,Amira Ivanova,amira.ivanova70@example.test,STANDARD
CUST-500380,Amira Weber,amira.weber3@example.test,STANDARD
CUST-500381,Wes Castillo,wes.castillo3@example.test,STANDARD
CUST-500382,Amira Lopez,amira.lopez27@example.test,STANDARD
CUST-500383,Ben Castillo,ben.castillo92@example.test,VOLTCARE_PLUS
CUST-500384,Dev Petrov,dev.petrov66@example.test,VOLTCARE_PLUS
CUST-500385,Kavya Bello,kavya.bello89@example.test,VIP
CUST-500386,Farid Zamora,farid.zamora80@example.test,VIP
CUST-500387,Hugo Yilmaz,hugo.yilmaz82@example.test,VIP
CUST-500388,Zara Nakamura,zara.nakamura11@example.test,VIP
CUST-500389,Ximena Varga,ximena.varga27@example.test,VIP
CUST-500390,Olga Khan,olga.khan47@example.test,VIP
CUST-500391,Tara Haddad,tara.haddad29@example.test,VIP
CUST-500392,Quinn Jensen,quinn.jensen32@example.test,VIP
CUST-500393,Grace Jensen,grace.jensen62@example.test,STANDARD
CUST-500394,Ines Abbott,ines.abbott34@example.test,VOLTCARE_PLUS
CUST-500395,Sami Quiroga,sami.quiroga42@example.test,STANDARD
CUST-500396,Farid Bello,farid.bello41@example.test,STANDARD
CUST-500397,Dev Quiroga,dev.quiroga24@example.test,STANDARD
CUST-500398,Farid Khan,farid.khan15@example.test,STANDARD
CUST-500399,Nikhil Khan,nikhil.khan94@example.test,STANDARD
CUST-500400,Kavya Ivanova,kavya.ivanova53@example.test,STANDARD
CUST-500401,Grace Weber,grace.weber85@example.test,VOLTCARE_PLUS
CUST-500402,Yusuf Moreau,yusuf.moreau75@example.test,STANDARD
CUST-500403,Umar Umeh,umar.umeh7@example.test,VOLTCARE_PLUS
CUST-500404,Liam Lopez,liam.lopez7@example.test,STANDARD
CUST-500405,Grace Dimitrov,grace.dimitrov43@example.test,STANDARD
CUST-500406,Wes Farouk,wes.farouk22@example.test,STANDARD
CUST-500407,Olga Haddad,olga.haddad2@example.test,VOLTCARE_PLUS
CUST-500408,Grace Haddad,grace.haddad87@example.test,VOLTCARE_PLUS
CUST-500409,Dev Sato,dev.sato73@example.test,STANDARD
CUST-500410,Ximena Lopez,ximena.lopez10@example.test,VOLTCARE_PLUS
CUST-500411,Grace Lopez,grace.lopez54@example.test,VOLTCARE_PLUS
CUST-500412,Umar Haddad,umar.haddad15@example.test,STANDARD
CUST-500413,Rosa Okafor,rosa.okafor38@example.test,STANDARD
CUST-500414,Hugo Umeh,hugo.umeh59@example.test,STANDARD
CUST-500415,Rosa Weber,rosa.weber88@example.test,STANDARD
CUST-500416,Liam Yilmaz,liam.yilmaz13@example.test,STANDARD
CUST-500417,Umar Nakamura,umar.nakamura32@example.test,STANDARD
CUST-500418,Liam Khan,liam.khan87@example.test,STANDARD
CUST-500419,Chloe Castillo,chloe.castillo70@example.test,STANDARD
CUST-500420,Pedro Umeh,pedro.umeh15@example.test,STANDARD
CUST-500421,Grace Gallo,grace.gallo48@example.test,STANDARD
CUST-500422,Tara Yilmaz,tara.yilmaz21@example.test,STANDARD
CUST-500423,Nikhil Haddad,nikhil.haddad66@example.test,STANDARD
CUST-500424,Quinn Farouk,quinn.farouk30@example.test,STANDARD
CUST-500425,Tara Abbott,tara.abbott53@example.test,VOLTCARE_PLUS
CUST-500426,Elena Zamora,elena.zamora71@example.test,VOLTCARE_PLUS
CUST-500427,Pedro Quiroga,pedro.quiroga78@example.test,STANDARD
CUST-500428,Vera Bello,vera.bello52@example.test,STANDARD
CUST-500429,Kavya Yilmaz,kavya.yilmaz68@example.test,STANDARD
CUST-500430,Dev Varga,dev.varga11@example.test,STANDARD
CUST-500431,Ines Jensen,ines.jensen31@example.test,STANDARD
CUST-500432,Farid Moreau,farid.moreau86@example.test,STANDARD
CUST-500433,Grace Rossi,grace.rossi69@example.test,STANDARD
CUST-500434,Pedro Nakamura,pedro.nakamura30@example.test,VOLTCARE_PLUS
CUST-500435,Yusuf Abbott,yusuf.abbott64@example.test,VOLTCARE_PLUS
CUST-500436,Grace Quiroga,grace.quiroga57@example.test,VOLTCARE_PLUS
CUST-500437,Wes Farouk,wes.farouk25@example.test,VOLTCARE_PLUS
CUST-500438,Elena Lopez,elena.lopez23@example.test,STANDARD
CUST-500439,Zara Okafor,zara.okafor96@example.test,STANDARD
CUST-500440,Vera Ivanova,vera.ivanova64@example.test,STANDARD
CUST-500441,Pedro Farouk,pedro.farouk95@example.test,STANDARD
CUST-500442,Dev Umeh,dev.umeh38@example.test,STANDARD
CUST-500443,Sami Varga,sami.varga99@example.test,VOLTCARE_PLUS
CUST-500444,Yusuf Tanaka,yusuf.tanaka32@example.test,VOLTCARE_PLUS
CUST-500445,Sami Rossi,sami.rossi38@example.test,STANDARD
CUST-500446,Hugo Zamora,hugo.zamora87@example.test,STANDARD
CUST-500447,Chloe Farouk,chloe.farouk1@example.test,STANDARD
CUST-500448,Ximena Ivanova,ximena.ivanova45@example.test,STANDARD
CUST-500449,Amira Zamora,amira.zamora14@example.test,STANDARD
CUST-500450,Hugo Tanaka,hugo.tanaka70@example.test,STANDARD
CUST-500451,Dev Gallo,dev.gallo88@example.test,STANDARD
CUST-500452,Pedro Weber,pedro.weber9@example.test,STANDARD
CUST-500453,Olga Haddad,olga.haddad21@example.test,STANDARD
CUST-500454,Zara Tanaka,zara.tanaka90@example.test,STANDARD
CUST-500455,Yusuf Castillo,yusuf.castillo24@example.test,VOLTCARE_PLUS
CUST-500456,Vera Lopez,vera.lopez25@example.test,STANDARD
CUST-500457,Elena Abbott,elena.abbott30@example.test,VOLTCARE_PLUS
CUST-500458,Kavya Bello,kavya.bello4@example.test,STANDARD
CUST-500459,Jonah Petrov,jonah.petrov64@example.test,VOLTCARE_PLUS
CUST-500460,Ximena Castillo,ximena.castillo99@example.test,STANDARD
CUST-500461,Ximena Farouk,ximena.farouk36@example.test,STANDARD
CUST-500462,Farid Castillo,farid.castillo10@example.test,STANDARD
CUST-500463,Zara Bello,zara.bello41@example.test,STANDARD
CUST-500464,Jonah Weber,jonah.weber43@example.test,STANDARD
CUST-500465,Elena Weber,elena.weber70@example.test,STANDARD
CUST-500466,Nikhil Quiroga,nikhil.quiroga90@example.test,STANDARD
CUST-500467,Hugo Khan,hugo.khan73@example.test,STANDARD
CUST-500468,Ben Moreau,ben.moreau16@example.test,STANDARD
CUST-500469,Umar Khan,umar.khan60@example.test,STANDARD
CUST-500470,Amira Rossi,amira.rossi60@example.test,STANDARD
CUST-500471,Hugo Sato,hugo.sato84@example.test,STANDARD
CUST-500472,Olga Sato,olga.sato97@example.test,VOLTCARE_PLUS
CUST-500473,Amira Lopez,amira.lopez59@example.test,VOLTCARE_PLUS
CUST-500474,Umar Bello,umar.bello55@example.test,STANDARD
CUST-500475,Wes Dimitrov,wes.dimitrov23@example.test,STANDARD
CUST-500476,Liam Nakamura,liam.nakamura67@example.test,STANDARD
CUST-500477,Elena Umeh,elena.umeh51@example.test,STANDARD
CUST-500478,Maya Lopez,maya.lopez62@example.test,STANDARD
CUST-500479,Nikhil Zamora,nikhil.zamora40@example.test,VOLTCARE_PLUS
CUST-500480,Tara Abbott,tara.abbott45@example.test,STANDARD
CUST-500481,Elena Petrov,elena.petrov66@example.test,VOLTCARE_PLUS
CUST-500482,Zara Bello,zara.bello53@example.test,STANDARD
CUST-500483,Wes Abbott,wes.abbott19@example.test,STANDARD
CUST-500484,Jonah Tanaka,jonah.tanaka1@example.test,STANDARD
CUST-500485,Liam Dimitrov,liam.dimitrov19@example.test,STANDARD
CUST-500486,Zara Sato,zara.sato65@example.test,VOLTCARE_PLUS
CUST-500487,Dev Jensen,dev.jensen10@example.test,STANDARD
CUST-500488,Farid Umeh,farid.umeh39@example.test,STANDARD
CUST-500489,Amira Sato,amira.sato8@example.test,STANDARD
CUST-500490,Yusuf Sato,yusuf.sato37@example.test,STANDARD
CUST-500491,Sami Jensen,sami.jensen37@example.test,VOLTCARE_PLUS
CUST-500492,Wes Abbott,wes.abbott25@example.test,STANDARD
CUST-500493,Umar Bello,umar.bello99@example.test,VOLTCARE_PLUS
CUST-500494,Pedro Castillo,pedro.castillo88@example.test,STANDARD
CUST-500495,Liam Haddad,liam.haddad37@example.test,STANDARD
CUST-500496,Jonah Gallo,jonah.gallo70@example.test,VOLTCARE_PLUS
CUST-500497,Tara Rossi,tara.rossi90@example.test,VOLTCARE_PLUS
CUST-500498,Maya Lopez,maya.lopez98@example.test,STANDARD
CUST-500499,Maya Okafor,maya.okafor94@example.test,STANDARD
CUST-500500,Wes Petrov,wes.petrov18@example.test,STANDARD
CUST-500501,Chloe Sato,chloe.sato68@example.test,STANDARD
CUST-500502,Kavya Rossi,kavya.rossi6@example.test,STANDARD
CUST-500503,Quinn Zamora,quinn.zamora70@example.test,VOLTCARE_PLUS
CUST-500504,Kavya Varga,kavya.varga87@example.test,VOLTCARE_PLUS
