order_ref,transaction_ref,customer_ref,product_name,product_category,amount,shipping_method,order_date,committed_delivery_date,delivered_date,status
ORD-500001,TXN-FBC4A334BF,CUST-500001,Nova X5 smartphone,SMARTPHONE,749.0,standard,2026-09-12,2026-09-16,2026-09-18,delivered
ORD-500002,TXN-8065B00A2D,CUST-500002,HomeHub Mini speaker,SMART_HOME,79.0,standard,2026-09-17,2026-09-15,2026-09-21,delivered
ORD-500003,TXN-BCB5FB12E0,CUST-500003,Pulse 700 headphones,AUDIO,329.0,standard,2026-09-05,2026-09-07,2026-09-10,delivered
ORD-500004,TXN-D7D82FB0F1,CUST-500004,GameStation controller,ACCESSORY,69.0,standard,2026-09-19,2026-09-21,2026-09-24,delivered
ORD-500005,TXN-808BAE8E66,CUST-500005,Nova Lite 3 smartphone,SMARTPHONE,299.0,standard,2026-09-13,2026-09-11,2026-09-16,delivered
ORD-500006,TXN-EAF5EE8C72,CUST-500006,Pulse 700 headphones,AUDIO,329.0,standard,2026-09-04,2026-09-02,2026-09-07,delivered
ORD-500007,TXN-94D4D6D278,CUST-500007,Orbit Watch 2,WEARABLE,249.0,standard,2026-09-11,2026-09-08,2026-09-14,delivered
ORD-500008,TXN-315EC0C260,CUST-500008,Nova X5 smartphone,SMARTPHONE,749.0,standard,2026-09-09,2026-09-09,2026-09-15,delivered
ORD-500009,TXN-169EFEBFDA,CUST-500009,GameStation controller,ACCESSORY,69.0,standard,2026-08-31,2026-09-01,2026-09-03,delivered
ORD-500010,TXN-2B4A6A03B3,CUST-500010,HomeHub Mini speaker,SMART_HOME,79.0,standard,2026-09-13,2026-09-08,2026-09-17,delivered
ORD-500011,TXN-25E344F1C3,CUST-500011,Orbit Watch 2,WEARABLE,249.0,standard,2026-09-01,2026-08-28,2026-09-07,delivered
ORD-500012,TXN-57CE107503,CUST-500012,TabOne 11 tablet,TABLET,549.0,standard,2026-09-08,2026-09-04,2026-09-14,delivered
ORD-500013,TXN-172C6193CC,CUST-500013,Nova X5 smartphone,SMARTPHONE,749.0,standard,2026-09-19,2026-09-10,2026-09-23,delivered
ORD-500014,TXN-8B63D52B10,CUST-500014,MeshLink router,NETWORKING,189.0,standard,2026-09-03,2026-08-27,2026-09-07,delivered
ORD-500015,TXN-E37B67CFA6,CUST-500015,Orbit Watch 2,WEARABLE,249.0,standard,2026-09-11,2026-09-03,2026-09-15,delivered
ORD-500016,TXN-0DF6111CF2,CUST-500016,TabOne 11 tablet,TABLET,549.0,standard,2026-09-14,2026-09-07,2026-09-18,delivered
ORD-500017,TXN-899015B7C2,CUST-500017,MeshLink router,NETWORKING,189.0,standard,2026-09-02,2026-08-27,2026-09-07,delivered
ORD-500018,TXN-A081B2499E,CUST-500018,TabOne 11 tablet,TABLET,549.0,standard,2026-08-28,2026-08-20,2026-08-31,delivered
ORD-500019,TXN-7818B0F10E,CUST-500019,Pulse 700 headphones,AUDIO,329.0,standard,2026-09-11,2026-09-01,2026-09-14,delivered
ORD-500020,TXN-6E9B97D72A,CUST-500020,GameStation controller,ACCESSORY,69.0,standard,2026-09-13,2026-09-10,2026-09-18,delivered
ORD-500021,TXN-0CE0DFF709,CUST-500021,Pulse 700 headphones,AUDIO,329.0,express,2026-09-05,2026-09-09,2026-09-11,delivered
ORD-500022,TXN-531CD33258,CUST-500022,TabOne 11 tablet,TABLET,549.0,express,2026-09-13,2026-09-15,2026-09-16,delivered
ORD-500023,TXN-5D200DA2B8,CUST-500023,TabOne 11 tablet,TABLET,549.0,express,2026-08-29,2026-09-02,2026-09-04,delivered
ORD-500024,TXN-876AFA2B31,CUST-500024,AeroBook 14 laptop,LAPTOP,899.0,express,2026-08-22,2026-08-26,2026-08-28,delivered
ORD-500025,TXN-F03E289120,CUST-500025,TabOne 11 tablet,TABLET,549.0,express,2026-09-19,2026-09-21,2026-09-22,delivered
ORD-500026,TXN-F2CFBA5E78,CUST-500026,TabOne 11 tablet,TABLET,549.0,express,2026-09-03,2026-09-07,2026-09-08,delivered
ORD-500027,TXN-99158E9C4B,CUST-500027,Orbit Watch 2,WEARABLE,249.0,express,2026-09-11,2026-09-14,2026-09-15,delivered
ORD-500028,TXN-2B1ADC2207,CUST-500028,AeroBook 14 laptop,LAPTOP,899.0,express,2026-09-14,2026-09-16,2026-09-18,delivered
ORD-500029,TXN-445B72FCC5,CUST-500029,Nova Lite 3 smartphone,SMARTPHONE,299.0,express,2026-08-30,2026-09-02,2026-09-04,delivered
ORD-500030,TXN-53250E0C17,CUST-500030,MeshLink router,NETWORKING,189.0,standard,2026-08-16,2026-08-20,,shipped
ORD-500031,TXN-A7FC2B232C,CUST-500031,Pulse Buds Pro earbuds,AUDIO,179.0,standard,2026-08-30,2026-09-02,,shipped
ORD-500032,TXN-B7D421F543,CUST-500032,HomeHub Mini speaker,SMART_HOME,79.0,standard,2026-08-28,2026-09-01,,shipped
ORD-500033,TXN-A98FC37287,CUST-500033,Pulse Buds Pro earbuds,AUDIO,179.0,standard,2026-09-04,2026-09-09,,shipped
ORD-500034,TXN-E227855A3A,CUST-500034,Orbit Watch 2,WEARABLE,249.0,standard,2026-08-20,2026-08-24,,shipped
ORD-500035,TXN-A93BFA9E9C,CUST-500035,Pulse 700 headphones,AUDIO,329.0,standard,2026-08-23,2026-08-28,,shipped
ORD-500036,TXN-6B8445D1A4,CUST-500036,TabOne 11 tablet,TABLET,549.0,standard,2026-08-29,2026-09-03,,shipped
ORD-500037,TXN-D49C992583,CUST-500037,Pulse 700 headphones,AUDIO,329.0,standard,2026-09-02,2026-09-07,,shipped
ORD-500038,TXN-285E933F99,CUST-500038,AeroBook 14 laptop,LAPTOP,899.0,standard,2026-08-12,2026-08-17,,lost
ORD-500039,TXN-D5914FE82D,CUST-500039,TabOne 11 tablet,TABLET,549.0,standard,2026-08-21,2026-08-24,,lost
ORD-500040,TXN-F1E913F8DA,CUST-500040,TabOne 11 tablet,TABLET,549.0,standard,2026-08-16,2026-08-20,,lost
ORD-500041,TXN-F60592FD56,CUST-500041,TabOne 11 tablet,TABLET,549.0,standard,2026-08-14,2026-08-18,,lost
ORD-500042,TXN-D2D09FE293,CUST-500042,Pulse Buds Pro earbuds,AUDIO,179.0,standard,2026-08-22,2026-08-25,,lost
ORD-500043,TXN-0E36FFFEDB,CUST-500043,Pulse 700 headphones,AUDIO,329.0,standard,2026-08-28,2026-08-31,,lost
ORD-500044,TXN-C8A69FCE93,CUST-500044,Pulse Buds Pro earbuds,AUDIO,179.0,standard,2026-08-26,2026-08-31,,lost
ORD-500045,TXN-5BD1D503AE,CUST-500045,HomeHub Mini speaker,SMART_HOME,79.0,standard,2026-09-07,2026-09-10,,lost
ORD-500046,TXN-0EF51AFD8C,CUST-500046,Orbit Watch 2,WEARABLE,249.0,standard,2026-08-14,2026-08-20,,lost
ORD-500047,TXN-037888CB20,CUST-500047,Pulse 700 headphones,AUDIO,329.0,standard,2026-08-22,2026-08-25,,lost
ORD-500048,TXN-7B2BB0F862,CUST-500048,Orbit Watch 2,WEARABLE,249.0,standard,2026-08-15,2026-08-19,,lost
ORD-500049,TXN-6CE59D7568,CUST-500049,Pulse 700 headphones,AUDIO,329.0,standard,2026-08-15,2026-08-21,,lost
ORD-500050,TXN-4AF8930BAF,CUST-500050,Orbit Watch 2,WEARABLE,249.0,standard,2026-09-02,2026-09-08,,lost
ORD-500051,TXN-49CB17C73F,CUST-500051,TabOne 11 tablet,TABLET,549.0,standard,2026-09-04,2026-09-07,2026-09-07,delivered
ORD-500052,TXN-8DD0470F5E,CUST-500052,HomeHub Mini speaker,SMART_HOME,79.0,standard,2026-08-29,2026-08-31,2026-09-01,delivered
ORD-500053,TXN-4451838415,CUST-500053,GameStation controller,ACCESSORY,69.0,standard,2026-09-10,2026-09-11,2026-09-13,delivered
ORD-500054,TXN-4EB79CD2CA,CUST-500054,GameStation controller,ACCESSORY,69.0,standard,2026-09-17,2026-09-22,2026-09-22,delivered
ORD-500055,TXN-60704309DC,CUST-500055,AeroBook 14 laptop,LAPTOP,899.0,standard,2026-09-08,2026-09-12,2026-09-12,delivered
ORD-500056,TXN-7B4B6FA573,CUST-500056,AeroBook 14 laptop,LAPTOP,899.0,standard,2026-09-17,2026-09-20,2026-09-21,delivered
ORD-500057,TXN-269629078F,CUST-500057,Nova X5 smartphone,SMARTPHONE,749.0,standard,2026-09-10,2026-09-13,2026-09-14,delivered
ORD-500058,TXN-BFE983F1EC,CUST-500058,AeroBook 14 laptop,LAPTOP,899.0,standard,2026-09-01,2026-09-06,2026-09-06,delivered
ORD-500059,TXN-950C092219,CUST-500059,HomeHub Mini speaker,SMART_HOME,79.0,standard,2026-09-06,2026-09-12,2026-09-12,delivered
ORD-500060,TXN-798A4BA013,CUST-500060,Pulse 700 headphones,AUDIO,329.0,standard,2026-09-12,2026-09-14,2026-09-16,delivered
ORD-500061,TXN-5B9F5E454C,CUST-500061,Orbit Watch 2,WEARABLE,249.0,standard,2026-08-28,2026-08-29,2026-08-31,delivered
ORD-500062,TXN-42C0BCC269,CUST-500062,HomeHub Mini speaker,SMART_HOME,79.0,standard,2026-09-01,2026-09-06,2026-09-06,delivered
ORD-500063,TXN-D6A117BDC5,CUST-500063,AeroBook 14 laptop,LAPTOP,899.0,standard,2026-08-29,2026-09-04,2026-09-04,delivered
ORD-500064,TXN-0EF8F1BB51,CUST-500064,Pulse 700 headphones,AUDIO,329.0,standard,2026-09-05,2026-09-07,2026-09-08,delivered
ORD-500065,TXN-4B4FA33E0E,CUST-500065,Nova X5 smartphone,SMARTPHONE,749.0,standard,2026-09-13,2026-09-16,2026-09-16,delivered
ORD-500066,TXN-A6D4FA7C6F,CUST-500066,GameStation controller,ACCESSORY,69.0,standard,2026-09-11,2026-09-15,2026-09-15,delivered
ORD-500067,TXN-0F8C447B9B,CUST-500067,HomeHub Mini speaker,SMART_HOME,79.0,standard,2026-09-07,2026-09-10,2026-09-11,delivered
ORD-500068,TXN-9B8C90680B,CUST-500068,Nova Lite 3 smartphone,SMARTPHONE,299.0,standard,2026-09-02,2026-09-07,2026-09-08,delivered
ORD-500069,TXN-4094996AB9,CUST-500069,GameStation controller,ACCESSORY,69.0,standard,2026-08-21,2026-08-26,2026-08-26,delivered
ORD-500070,TXN-9282C87B83,CUST-500070,TabOne 11 tablet,TABLET,549.0,standard,2026-09-06,2026-09-11,2026-09-12,delivered
ORD-500071,TXN-0EDF22B435,CUST-500071,GameStation controller,ACCESSORY,69.0,standard,2026-09-04,2026-09-10,2026-09-10,delivered
ORD-500072,TXN-33FB59ACB3,CUST-500072,TabOne 11 tablet,TABLET,549.0,standard,2026-09-03,2026-09-04,2026-09-06,delivered
ORD-500073,TXN-4DA8AC3B26,CUST-500073,AeroBook 14 laptop,LAPTOP,899.0,standard,2026-09-04,2026-09-09,2026-09-09,delivered
ORD-500074,TXN-EE7180131F,CUST-500074,Nova X5 smartphone,SMARTPHONE,749.0,standard,2026-08-28,2026-09-01,2026-09-01,delivered
ORD-500075,TXN-32BF47412E,CUST-500075,AeroBook 14 laptop,LAPTOP,899.0,standard,2026-09-07,2026-09-11,2026-09-12,delivered
ORD-500076,TXN-DECD31370E,CUST-500076,AeroBook 14 laptop,LAPTOP,899.0,standard,2026-08-20,2026-08-23,2026-08-25,delivered
ORD-500077,TXN-5C861498B3,CUST-500077,TabOne 11 tablet,TABLET,549.0,standard,2026-08-14,2026-08-17,2026-08-19,delivered
ORD-500078,TXN-9F43F6697D,CUST-500078,Pulse Buds Pro earbuds,AUDIO,179.0,standard,2026-08-13,2026-08-18,2026-08-18,delivered
ORD-500079,TXN-EC9CBDAA2C,CUST-500079,Nova X5 smartphone,SMARTPHONE,749.0,standard,2026-08-28,2026-09-02,2026-09-03,delivered
ORD-500080,TXN-B3BC48EC72,CUST-500080,TabOne 11 tablet,TABLET,549.0,standard,2026-08-30,2026-09-04,2026-09-05,delivered
ORD-500081,TXN-A9C507A35A,CUST-500081,MeshLink router,NETWORKING,189.0,standard,2026-08-13,2026-08-16,2026-08-16,delivered
ORD-500082,TXN-E98A29FABD,CUST-500082,Nova Lite 3 smartphone,SMARTPHONE,299.0,standard,2026-08-25,2026-08-28,2026-08-30,delivered
ORD-500083,TXN-0CBC5AB583,CUST-500083,GameStation controller,ACCESSORY,69.0,standard,2026-08-10,2026-08-14,2026-08-14,delivered
ORD-500084,TXN-18B743433B,CUST-500084,MeshLink router,NETWORKING,189.0,standard,2026-08-21,2026-08-25,2026-08-27,delivered
ORD-500085,TXN-8A3112CDD6,CUST-500085,Nova X5 smartphone,SMARTPHONE,749.0,standard,2025-12-30,2026-01-05,2026-01-05,delivered
ORD-500086,TXN-26F797CD65,CUST-500086,Orbit Watch 2,WEARABLE,249.0,standard,2026-06-22,2026-06-27,2026-06-28,delivered
ORD-500087,TXN-ED39A3FE7C,CUST-500087,Pulse 700 headphones,AUDIO,329.0,standard,2026-02-15,2026-02-16,2026-02-18,delivered
ORD-500088,TXN-6030E95EC9,CUST-500088,GameStation controller,ACCESSORY,69.0,standard,2026-01-22,2026-01-26,2026-01-27,delivered
ORD-500089,TXN-11EBFDADC5,CUST-500089,TabOne 11 tablet,TABLET,549.0,standard,2025-12-11,2025-12-16,2025-12-16,delivered
ORD-500090,TXN-434C73CB96,CUST-500090,Nova X5 smartphone,SMARTPHONE,749.0,standard,2026-03-11,2026-03-15,2026-03-16,delivered
ORD-500091,TXN-3051824E0C,CUST-500091,AeroBook 14 laptop,LAPTOP,899.0,standard,2026-04-11,2026-04-14,2026-04-14,delivered
ORD-500092,TXN-DBB0A148AA,CUST-500092,HomeHub Mini speaker,SMART_HOME,79.0,standard,2025-11-18,2025-11-22,2025-11-24,delivered
ORD-500093,TXN-EE6EF24FB4,CUST-500093,Orbit Watch 2,WEARABLE,249.0,standard,2026-02-24,2026-02-27,2026-02-27,delivered
ORD-500094,TXN-7C1E2A9FFE,CUST-500094,TabOne 11 tablet,TABLET,549.0,standard,2025-08-15,2025-08-20,2025-08-20,delivered
ORD-500095,TXN-9A9A2688C3,CUST-500095,TabOne 11 tablet,TABLET,549.0,standard,2025-08-05,2025-08-11,2025-08-11,delivered
ORD-500096,TXN-7AB6D53690,CUST-500096,Pulse Buds Pro earbuds,AUDIO,179.0,standard,2025-07-05,2025-07-11,2025-07-11,delivered
ORD-500097,TXN-157464FED5,CUST-500097,Pulse Buds Pro earbuds,AUDIO,179.0,standard,2025-07-20,2025-07-26,2025-07-26,delivered
ORD-500098,TXN-A0BEA757EF,CUST-500098,MeshLink router,NETWORKING,189.0,standard,2025-07-12,2025-07-18,2025-07-18,delivered
ORD-500099,TXN-8AAC63A5A2,CUST-500099,GameStation controller,ACCESSORY,69.0,standard,2025-07-24,2025-07-28,2025-07-28,delivered
ORD-500100,TXN-CB44325BA6,CUST-500100,Nova X5 smartphone,SMARTPHONE,749.0,standard,2025-07-07,2025-07-11,2025-07-11,delivered
ORD-500101,TXN-A0A054DDCF,CUST-500101,AeroBook 14 laptop,LAPTOP,899.0,standard,2026-08-30,2026-08-31,2026-09-02,delivered
ORD-500102,TXN-70F8743764,CUST-500102,GameStation controller,ACCESSORY,69.0,standard,2026-09-01,2026-09-04,2026-09-05,delivered
ORD-500103,TXN-27DA8255B6,CUST-500103,Nova X5 smartphone,SMARTPHONE,749.0,standard,2026-09-13,2026-09-17,2026-09-19,delivered
ORD-500104,TXN-0134C778F6,CUST-500104,Pulse Buds Pro earbuds,AUDIO,179.0,standard,2026-09-11,2026-09-16,2026-09-16,delivered
ORD-500105,TXN-46FF8FC2ED,CUST-500105,Nova Lite 3 smartphone,SMARTPHONE,299.0,standard,2026-09-04,2026-09-07,2026-09-07,delivered
ORD-500106,TXN-6430B5E455,CUST-500106,GameStation controller,ACCESSORY,69.0,standard,2026-09-06,2026-09-10,2026-09-10,delivered
ORD-500107,TXN-95EA3D26DB,CUST-500107,GameStation controller,ACCESSORY,69.0,standard,2026-08-28,2026-08-29,2026-08-31,delivered
ORD-500108,TXN-FF6508E380,CUST-500108,Orbit Watch 2,WEARABLE,249.0,standard,2026-09-09,2026-09-11,2026-09-12,delivered
ORD-500109,TXN-8760457424,CUST-500109,Pulse 700 headphones,AUDIO,329.0,standard,2026-08-31,2026-09-03,2026-09-04,delivered
ORD-500110,TXN-0D279E445A,CUST-500110,MeshLink router,NETWORKING,189.0,standard,2026-08-25,2026-08-28,2026-08-30,delivered
ORD-500111,TXN-3DA5B32E98,CUST-500111,TabOne 11 tablet,TABLET,549.0,standard,2026-09-16,2026-09-18,2026-09-19,delivered
ORD-500112,TXN-49A00DC09F,CUST-500112,MeshLink router,NETWORKING,189.0,standard,2026-09-10,2026-09-14,2026-09-14,delivered
ORD-500113,TXN-CE96907628,CUST-500113,AeroBook 14 laptop,LAPTOP,899.0,standard,2026-09-05,2026-09-08,2026-09-08,delivered
ORD-500114,TXN-ABE6BC77FC,CUST-500114,Nova Lite 3 smartphone,SMARTPHONE,299.0,standard,2026-08-24,2026-08-30,2026-08-30,delivered
ORD-500115,TXN-636F94B298,CUST-500115,TabOne 11 tablet,TABLET,549.0,standard,2026-09-03,2026-09-06,2026-09-06,delivered
ORD-500116,TXN-125DFE5373,CUST-500116,Pulse Buds Pro earbuds,AUDIO,179.0,standard,2026-08-30,2026-09-05,2026-09-05,delivered
ORD-500117,TXN-0059CEBC9E,CUST-500117,Pulse Buds Pro earbuds,AUDIO,179.0,standard,2026-08-28,2026-09-01,2026-09-01,delivered
ORD-500118,TXN-3B49F4B627,CUST-500118,Pulse 700 headphones,AUDIO,329.0,standard,2026-09-15,2026-09-17,2026-09-19,delivered
ORD-500119,TXN-6860A4DFE8,CUST-500119,AeroBook 14 laptop,LAPTOP,899.0,standard,2026-09-07,2026-09-11,2026-09-11,delivered
ORD-500120,TXN-4DADE941CA,CUST-500120,TabOne 11 tablet,TABLET,549.0,standard,2026-08-26,2026-08-30,2026-08-31,delivered
ORD-500121,TXN-EFBF968830,CUST-500121,Nova X5 smartphone,SMARTPHONE,749.0,standard,2026-09-10,2026-09-12,2026-09-13,delivered
ORD-500122,TXN-AC0C4F086A,CUST-500122,Nova X5 smartphone,SMARTPHONE,749.0,standard,2026-08-29,2026-09-04,2026-09-04,delivered
ORD-500123,TXN-8248052EFD,CUST-500123,Nova Lite 3 smartphone,SMARTPHONE,299.0,standard,2026-09-07,2026-09-11,2026-09-13,delivered
ORD-500124,TXN-F4010E7BFA,CUST-500124,HomeHub Mini speaker,SMART_HOME,79.0,standard,2026-09-03,2026-09-09,2026-09-09,delivered
ORD-500125,TXN-576E45B339,CUST-500125,Orbit Watch 2,WEARABLE,249.0,standard,2026-08-19,2026-08-21,2026-08-23,delivered
ORD-500126,TXN-031CC60B5C,CUST-500126,MeshLink router,NETWORKING,189.0,standard,2026-09-10,2026-09-12,2026-09-13,delivered
ORD-500127,TXN-8585771FBD,CUST-500127,Nova Lite 3 smartphone,SMARTPHONE,299.0,standard,2026-08-16,2026-08-19,2026-08-20,delivered
ORD-500128,TXN-C5CDADAEA8,CUST-500128,GameStation controller,ACCESSORY,69.0,standard,2026-08-20,2026-08-24,2026-08-25,delivered
ORD-500129,TXN-94FEAA9E45,CUST-500129,Nova Lite 3 smartphone,SMARTPHONE,299.0,standard,2026-08-26,2026-08-31,2026-08-31,delivered
ORD-500130,TXN-4112A2923B,CUST-500130,GameStation controller,ACCESSORY,69.0,standard,2026-08-24,2026-08-28,2026-08-28,delivered
ORD-500131,TXN-FAEDD1B049,CUST-500131,Pulse Buds Pro earbuds,AUDIO,179.0,standard,2026-08-30,2026-09-03,2026-09-03,delivered
ORD-500132,TXN-A4F509FACC,CUST-500132,Pulse 700 headphones,AUDIO,329.0,standard,2026-09-03,2026-09-08,2026-09-09,delivered
ORD-500133,TXN-27121ABBF3,CUST-500133,Orbit Watch 2,WEARABLE,249.0,standard,2026-08-20,2026-08-22,2026-08-23,delivered
ORD-500134,TXN-89A1A74567,CUST-500134,TabOne 11 tablet,TABLET,549.0,standard,2026-09-01,2026-09-07,2026-09-07,delivered
ORD-500135,TXN-D79F1F0D54,CUST-500135,TabOne 11 tablet,TABLET,549.0,standard,2026-08-14,2026-08-19,2026-08-19,delivered
ORD-500136,TXN-7EAB53BB4E,CUST-500136,TabOne 11 tablet,TABLET,549.0,standard,2026-08-23,2026-08-28,2026-08-29,delivered
ORD-500137,TXN-1EBCD7284F,CUST-500137,AeroBook 14 laptop,LAPTOP,899.0,standard,2026-09-14,2026-09-15,2026-09-17,delivered
ORD-500138,TXN-A390F2E2BB,CUST-500138,Pulse Buds Pro earbuds,AUDIO,179.0,standard,2026-08-19,2026-08-23,2026-08-25,delivered
ORD-500139,TXN-C1BB920877,CUST-500139,TabOne 11 tablet,TABLET,549.0,standard,2026-08-09,2026-08-11,2026-08-12,delivered
ORD-500140,TXN-6DB4851681,CUST-500140,Orbit Watch 2,WEARABLE,249.0,standard,2026-09-01,2026-09-05,2026-09-07,delivered
ORD-500141,TXN-FC835869F1,CUST-500149,HomeHub Mini speaker,SMART_HOME,79.0,standard,2026-09-04,2026-09-10,2026-09-10,delivered
ORD-500142,TXN-B85F415659,CUST-500150,HomeHub Mini speaker,SMART_HOME,79.0,standard,2026-08-29,2026-09-03,2026-09-04,delivered
ORD-500143,TXN-852FF0F4FC,CUST-500151,MeshLink router,NETWORKING,189.0,standard,2026-09-06,2026-09-09,2026-09-09,delivered
ORD-500144,TXN-240358DBFD,CUST-500152,Pulse 700 headphones,AUDIO,329.0,standard,2026-09-15,2026-09-19,2026-09-19,delivered
ORD-500145,TXN-EF7DDC78B8,CUST-500153,AeroBook 14 laptop,LAPTOP,899.0,standard,2026-09-01,2026-09-02,2026-09-04,delivered
ORD-500146,TXN-E423FD2FE5,CUST-500154,Nova Lite 3 smartphone,SMARTPHONE,299.0,standard,2026-09-10,2026-09-12,2026-09-14,delivered
ORD-500147,TXN-CE3067DDF1,CUST-500155,GameStation controller,ACCESSORY,69.0,standard,2026-08-31,2026-09-05,2026-09-06,delivered
ORD-500148,TXN-3A7A8BAE92,CUST-500156,Pulse 700 headphones,AUDIO,329.0,standard,2026-08-24,2026-08-30,2026-08-30,delivered
ORD-500149,TXN-69D3D450A3,CUST-500157,Orbit Watch 2,WEARABLE,249.0,standard,2026-09-15,2026-09-19,2026-09-19,delivered
ORD-500150,TXN-95E85DEB15,CUST-500158,GameStation controller,ACCESSORY,69.0,standard,2026-08-11,2026-08-15,2026-08-16,delivered
ORD-500151,TXN-23E3B58E52,CUST-500159,Pulse 700 headphones,AUDIO,329.0,standard,2026-08-08,2026-08-12,2026-08-13,delivered
ORD-500152,TXN-26CF381E4B,CUST-500160,TabOne 11 tablet,TABLET,549.0,standard,2026-08-17,2026-08-23,2026-08-23,delivered
ORD-500153,TXN-12A0BDA4B8,CUST-500161,Nova X5 smartphone,SMARTPHONE,749.0,standard,2026-08-18,2026-08-21,2026-08-21,delivered
ORD-500154,TXN-57C14B0407,CUST-500162,Pulse Buds Pro earbuds,AUDIO,179.0,standard,2026-08-10,2026-08-12,2026-08-14,delivered
ORD-500155,TXN-D9B1905197,CUST-500163,Pulse Buds Pro earbuds,AUDIO,179.0,standard,2026-08-22,2026-08-24,2026-08-25,delivered
ORD-500156,TXN-9D44D1D43D,CUST-500164,Pulse Buds Pro earbuds,AUDIO,179.0,standard,2026-08-20,2026-08-25,2026-08-26,delivered
ORD-500157,TXN-1776C5660A,CUST-500165,GameStation controller,ACCESSORY,69.0,standard,2026-09-01,2026-09-02,2026-09-04,delivered
ORD-500158,TXN-D3E983C0AB,CUST-500166,AeroBook 14 laptop,LAPTOP,899.0,standard,2026-08-11,2026-08-15,2026-08-16,delivered
ORD-500159,TXN-3A67EEBE12,CUST-500167,MeshLink router,NETWORKING,189.0,standard,2026-08-26,2026-08-30,2026-09-01,delivered
ORD-500160,TXN-0D3133914B,CUST-500168,Pulse Buds Pro earbuds,AUDIO,179.0,standard,2026-08-17,2026-08-23,2026-08-23,delivered
ORD-500161,TXN-D739FB5BB3,CUST-500169,Pulse 700 headphones,AUDIO,329.0,standard,2026-08-19,2026-08-25,2026-08-25,delivered
ORD-500162,TXN-5622DE84FC,CUST-500170,Nova Lite 3 smartphone,SMARTPHONE,299.0,standard,2026-08-25,2026-08-30,2026-08-30,delivered
ORD-500163,TXN-2CB6199E01,CUST-500171,TabOne 11 tablet,TABLET,549.0,standard,2026-09-12,2026-09-14,2026-09-15,delivered
ORD-500164,TXN-0E7FB68674,CUST-500172,Pulse Buds Pro earbuds,AUDIO,179.0,standard,2026-08-23,2026-08-27,2026-08-28,delivered
ORD-500165,TXN-3CEC6F390E,CUST-500173,HomeHub Mini speaker,SMART_HOME,79.0,standard,2026-09-02,2026-09-07,2026-09-08,delivered
ORD-500166,TXN-5C0B12868A,CUST-500174,GameStation controller,ACCESSORY,69.0,standard,2026-08-18,2026-08-22,2026-08-24,delivered
ORD-500167,TXN-9075655952,CUST-500175,Pulse Buds Pro earbuds,AUDIO,179.0,standard,2026-09-01,2026-09-03,2026-09-05,delivered
ORD-500168,TXN-323609B27F,CUST-500176,Nova X5 smartphone,SMARTPHONE,749.0,standard,2026-09-02,2026-09-06,2026-09-06,delivered
ORD-500169,TXN-EF057DF361,CUST-500177,Nova Lite 3 smartphone,SMARTPHONE,299.0,standard,2026-08-19,2026-08-24,2026-08-25,delivered
ORD-500170,TXN-51AF6F72CB,CUST-500178,TabOne 11 tablet,TABLET,549.0,standard,2026-08-29,2026-09-04,2026-09-04,delivered
ORD-500171,TXN-2BF1EFBBF9,CUST-500179,Nova Lite 3 smartphone,SMARTPHONE,299.0,standard,2026-08-21,2026-08-24,2026-08-24,delivered
ORD-500172,TXN-F69C62FEC2,CUST-500180,HomeHub Mini speaker,SMART_HOME,79.0,standard,2026-08-16,2026-08-21,2026-08-22,delivered
ORD-500173,TXN-9477D74E8F,CUST-500181,MeshLink router,NETWORKING,189.0,standard,2026-08-28,2026-09-01,2026-09-01,delivered
ORD-500174,TXN-528CDD2963,CUST-500182,MeshLink router,NETWORKING,189.0,standard,2026-09-03,2026-09-04,2026-09-06,delivered
ORD-500175,TXN-F40BFA754D,CUST-500183,TabOne 11 tablet,TABLET,549.0,standard,2026-08-15,2026-08-21,2026-08-21,delivered
ORD-500176,TXN-AC7B14DB69,CUST-500184,HomeHub Mini speaker,SMART_HOME,79.0,standard,2026-08-21,2026-08-25,2026-08-25,delivered
ORD-500177,TXN-0DA52C1EB3,CUST-500185,Nova Lite 3 smartphone,SMARTPHONE,299.0,standard,2026-08-21,2026-08-23,2026-08-25,delivered
ORD-500178,TXN-AFA55C2440,CUST-500186,Pulse 700 headphones,AUDIO,329.0,standard,2026-08-25,2026-08-29,2026-08-29,delivered
ORD-500179,TXN-E2CFFA01B6,CUST-500187,Pulse 700 headphones,AUDIO,329.0,standard,2026-08-19,2026-08-20,2026-08-22,delivered
ORD-500180,TXN-1C1CDFF8A5,CUST-500188,Orbit Watch 2,WEARABLE,249.0,standard,2026-09-05,2026-09-08,2026-09-08,delivered
ORD-500181,TXN-E8BB119D85,CUST-500189,AeroBook 14 laptop,LAPTOP,899.0,standard,2026-08-22,2026-08-26,2026-08-28,delivered
ORD-500182,TXN-10222DB6DA,CUST-500190,Nova X5 smartphone,SMARTPHONE,749.0,standard,2026-09-02,2026-09-06,2026-09-06,delivered
ORD-500183,TXN-122C122C14,CUST-500191,Orbit Watch 2,WEARABLE,249.0,standard,2026-08-26,2026-08-30,2026-09-01,delivered
ORD-500184,TXN-08DAF600F5,CUST-500192,Pulse 700 headphones,AUDIO,329.0,standard,2026-08-18,2026-08-24,2026-08-24,delivered
ORD-500185,TXN-4DB4B9F5EF,CUST-500193,TabOne 11 tablet,TABLET,549.0,standard,2026-08-08,2026-08-10,2026-08-12,delivered
ORD-500186,TXN-44B3006446,CUST-500194,Nova X5 smartphone,SMARTPHONE,749.0,standard,2026-08-26,2026-08-30,2026-08-31,delivered
ORD-500187,TXN-7D8A3ECDB8,CUST-500195,Nova Lite 3 smartphone,SMARTPHONE,299.0,standard,2026-08-29,2026-09-02,2026-09-02,delivered
ORD-500188,TXN-9A48C3C714,CUST-500196,AeroBook 14 laptop,LAPTOP,899.0,standard,2026-08-13,2026-08-16,2026-08-18,delivered
ORD-500189,TXN-CBDCD48F98,CUST-500197,AeroBook 14 laptop,LAPTOP,899.0,standard,2026-08-13,2026-08-16,2026-08-18,delivered
ORD-500190,TXN-47B169805D,CUST-500198,Nova X5 smartphone,SMARTPHONE,749.0,standard,2026-09-06,2026-09-11,2026-09-12,delivered
ORD-500191,TXN-3BB9D170F0,CUST-500199,Nova X5 smartphone,SMARTPHONE,749.0,standard,2026-08-30,2026-09-02,2026-09-02,delivered
ORD-500192,TXN-0ED2B53CE6,CUST-500200,MeshLink router,NETWORKING,189.0,standard,2026-08-13,2026-08-18,2026-08-18,delivered
ORD-500193,TXN-41A7C4CE68,CUST-500201,HomeHub Mini speaker,SMART_HOME,79.0,standard,2026-08-24,2026-08-29,2026-08-29,delivered
ORD-500194,TXN-C7C8C2146E,CUST-500202,AeroBook 14 laptop,LAPTOP,899.0,standard,2026-09-04,2026-09-05,2026-09-07,delivered
ORD-500195,TXN-324929E2D7,CUST-500203,AeroBook 14 laptop,LAPTOP,899.0,standard,2026-08-20,2026-08-25,2026-08-26,delivered
ORD-500196,TXN-390F4D4B3A,CUST-500204,Orbit Watch 2,WEARABLE,249.0,standard,2026-09-03,2026-09-04,2026-09-06,delivered
ORD-500197,TXN-32E2D9897F,CUST-500205,Nova X5 smartphone,SMARTPHONE,749.0,standard,2026-08-20,2026-08-22,2026-08-24,delivered
ORD-500198,TXN-1CC29EE2B9,CUST-500206,TabOne 11 tablet,TABLET,549.0,standard,2026-09-07,2026-09-10,2026-09-12,delivered
ORD-500199,TXN-896D62AB90,CUST-500207,AeroBook 14 laptop,LAPTOP,899.0,standard,2025-12-05,2025-12-07,2025-12-09,delivered
ORD-500200,TXN-C2C8B00D99,CUST-500208,Orbit Watch 2,WEARABLE,249.0,standard,2026-02-20,2026-02-24,2026-02-24,delivered
ORD-500201,TXN-14B91A8060,CUST-500209,Pulse 700 headphones,AUDIO,329.0,standard,2026-04-12,2026-04-15,2026-04-15,delivered
ORD-500202,TXN-9436FFB73D,CUST-500210,GameStation controller,ACCESSORY,69.0,standard,2026-05-17,2026-05-21,2026-05-21,delivered
ORD-500203,TXN-08CC051239,CUST-500211,Pulse Buds Pro earbuds,AUDIO,179.0,standard,2026-01-12,2026-01-16,2026-01-17,delivered
ORD-500204,TXN-F1091D1F80,CUST-500212,Nova X5 smartphone,SMARTPHONE,749.0,standard,2026-06-11,2026-06-16,2026-06-16,delivered
ORD-500205,TXN-945E0358B4,CUST-500213,AeroBook 14 laptop,LAPTOP,899.0,standard,2026-04-19,2026-04-22,2026-04-23,delivered
ORD-500206,TXN-EB6833BD6C,CUST-500214,Orbit Watch 2,WEARABLE,249.0,standard,2025-11-13,2025-11-14,2025-11-16,delivered
ORD-500207,TXN-B66469EA73,CUST-500215,Pulse Buds Pro earbuds,AUDIO,179.0,standard,2026-03-29,2026-04-02,2026-04-04,delivered
ORD-500208,TXN-B9D6518070,CUST-500216,Pulse Buds Pro earbuds,AUDIO,179.0,standard,2026-05-02,2026-05-08,2026-05-08,delivered
ORD-500209,TXN-343C531158,CUST-500217,GameStation controller,ACCESSORY,69.0,standard,2026-03-28,2026-03-29,2026-03-31,delivered
ORD-500210,TXN-BE8771989F,CUST-500218,MeshLink router,NETWORKING,189.0,standard,2026-02-19,2026-02-24,2026-02-25,delivered
ORD-500211,TXN-6DC02D23A6,CUST-500219,GameStation controller,ACCESSORY,69.0,standard,2026-05-26,2026-05-28,2026-05-30,delivered
ORD-500212,TXN-52FEFA65D9,CUST-500220,TabOne 11 tablet,TABLET,549.0,standard,2026-06-06,2026-06-12,2026-06-12,delivered
ORD-500213,TXN-D6A41385AB,CUST-500221,GameStation controller,ACCESSORY,69.0,standard,2026-04-28,2026-05-02,2026-05-04,delivered
ORD-500214,TXN-A92EF1247A,CUST-500222,Pulse Buds Pro earbuds,AUDIO,179.0,standard,2026-03-24,2026-03-30,2026-03-30,delivered
ORD-500215,TXN-C63F86DF6C,CUST-500223,TabOne 11 tablet,TABLET,549.0,standard,2026-03-05,2026-03-08,2026-03-10,delivered
ORD-500216,TXN-4B5BE92BFD,CUST-500224,Pulse Buds Pro earbuds,AUDIO,179.0,standard,2025-11-29,2025-12-04,2025-12-05,delivered
ORD-500217,TXN-0D1AC79F54,CUST-500225,Nova X5 smartphone,SMARTPHONE,749.0,standard,2025-12-03,2025-12-05,2025-12-06,delivered
ORD-500218,TXN-5B90DE4C54,CUST-500226,Pulse 700 headphones,AUDIO,329.0,standard,2026-03-25,2026-03-27,2026-03-29,delivered
ORD-500219,TXN-F804F5588D,CUST-500227,Pulse 700 headphones,AUDIO,329.0,standard,2025-11-17,2025-11-21,2025-11-23,delivered
ORD-500220,TXN-03EF1DB11B,CUST-500228,Nova X5 smartphone,SMARTPHONE,749.0,standard,2026-02-27,2026-03-02,2026-03-03,delivered
ORD-500221,TXN-4F947F6031,CUST-500229,AeroBook 14 laptop,LAPTOP,899.0,standard,2026-02-03,2026-02-07,2026-02-08,delivered
ORD-500222,TXN-52BD65B273,CUST-500254,Pulse Buds Pro earbuds,AUDIO,179.0,standard,2026-08-29,2026-09-02,2026-09-02,delivered
ORD-500223,TXN-EA0DB788C8,CUST-500255,Nova Lite 3 smartphone,SMARTPHONE,299.0,standard,2026-09-10,2026-09-15,2026-09-15,delivered
ORD-500224,TXN-A7575055A9,CUST-500256,Pulse Buds Pro earbuds,AUDIO,179.0,standard,2026-09-19,2026-09-20,2026-09-22,delivered
ORD-500225,TXN-324F62036E,CUST-500257,Pulse Buds Pro earbuds,AUDIO,179.0,standard,2026-09-10,2026-09-11,2026-09-13,delivered
ORD-500226,TXN-970C8FBD54,CUST-500258,Pulse Buds Pro earbuds,AUDIO,179.0,standard,2026-09-11,2026-09-16,2026-09-17,delivered
ORD-500227,TXN-8E5E8EFE82,CUST-500259,Pulse 700 headphones,AUDIO,329.0,standard,2026-09-10,2026-09-16,2026-09-16,delivered
ORD-500228,TXN-1A56746772,CUST-500260,Nova X5 smartphone,SMARTPHONE,749.0,standard,2026-09-18,2026-09-20,2026-09-21,delivered
ORD-500229,TXN-F8ACA23C98,CUST-500261,Pulse 700 headphones,AUDIO,329.0,standard,2026-09-02,2026-09-06,2026-09-07,delivered
ORD-500230,TXN-8142035D37,CUST-500262,Pulse 700 headphones,AUDIO,329.0,standard,2026-09-13,2026-09-18,2026-09-18,delivered
ORD-500231,TXN-334F702B14,CUST-500263,Nova X5 smartphone,SMARTPHONE,749.0,standard,2026-06-18,2026-06-19,2026-06-21,delivered
ORD-500232,TXN-63F5D8A35C,CUST-500264,Orbit Watch 2,WEARABLE,249.0,standard,2026-03-01,2026-03-03,2026-03-05,delivered
ORD-500233,TXN-0B28B3760A,CUST-500265,Orbit Watch 2,WEARABLE,249.0,standard,2026-08-03,2026-08-08,2026-08-08,delivered
ORD-500234,TXN-DFAD9DA482,CUST-500266,MeshLink router,NETWORKING,189.0,standard,2026-05-13,2026-05-18,2026-05-19,delivered
ORD-500235,TXN-D7EE91C7CC,CUST-500267,Nova Lite 3 smartphone,SMARTPHONE,299.0,standard,2026-06-17,2026-06-19,2026-06-21,delivered
ORD-500236,TXN-FDC48A5BAF,CUST-500268,Pulse Buds Pro earbuds,AUDIO,179.0,standard,2026-08-11,2026-08-14,2026-08-14,delivered
ORD-500237,TXN-9EEBCAE4AC,CUST-500269,Pulse Buds Pro earbuds,AUDIO,179.0,standard,2026-05-19,2026-05-25,2026-05-25,delivered
ORD-500238,TXN-5E96E3208A,CUST-500270,Orbit Watch 2,WEARABLE,249.0,standard,2026-06-23,2026-06-27,2026-06-28,delivered
ORD-500239,TXN-C94CD7A911,CUST-500271,HomeHub Mini speaker,SMART_HOME,79.0,standard,2026-07-27,2026-08-02,2026-08-02,delivered
ORD-500240,TXN-45895C5120,CUST-500272,GameStation controller,ACCESSORY,69.0,standard,2026-05-22,2026-05-24,2026-05-25,delivered
ORD-500241,TXN-BFAA57E9E9,CUST-500273,GameStation controller,ACCESSORY,69.0,standard,2026-08-16,2026-08-21,2026-08-22,delivered
ORD-500242,TXN-C3C9861F2B,CUST-500274,Pulse 700 headphones,AUDIO,329.0,standard,2026-06-08,2026-06-12,2026-06-14,delivered
ORD-500243,TXN-02F9BB98DD,CUST-500275,Nova X5 smartphone,SMARTPHONE,749.0,standard,2026-06-09,2026-06-10,2026-06-12,delivered
ORD-500244,TXN-81D0CB07AC,CUST-500276,Pulse 700 headphones,AUDIO,329.0,standard,2026-08-25,2026-08-30,2026-08-31,delivered
ORD-500245,TXN-A3416DC2AF,CUST-500277,HomeHub Mini speaker,SMART_HOME,79.0,standard,2026-08-19,2026-08-25,2026-08-25,delivered
ORD-500246,TXN-886CF65B10,CUST-500278,TabOne 11 tablet,TABLET,549.0,standard,2026-08-26,2026-08-29,2026-08-30,delivered
ORD-500247,TXN-D86EDB4E17,CUST-500279,HomeHub Mini speaker,SMART_HOME,79.0,standard,2026-08-18,2026-08-22,2026-08-22,delivered
ORD-500248,TXN-99521F3C3D,CUST-500280,GameStation controller,ACCESSORY,69.0,standard,2026-07-13,2026-07-14,2026-07-16,delivered
ORD-500249,TXN-49B11D9208,CUST-500281,HomeHub Mini speaker,SMART_HOME,79.0,standard,2026-08-31,2026-09-05,2026-09-06,delivered
ORD-500250,TXN-B6E7F2EE0A,CUST-500282,Orbit Watch 2,WEARABLE,249.0,standard,2026-08-28,2026-08-30,2026-09-01,delivered
ORD-500251,TXN-76022F2E61,CUST-500283,AeroBook 14 laptop,LAPTOP,899.0,standard,2026-08-27,2026-08-31,2026-09-02,delivered
ORD-500252,TXN-177DEEBDAE,CUST-500284,Nova X5 smartphone,SMARTPHONE,749.0,standard,2026-09-10,2026-09-12,2026-09-13,delivered
ORD-500253,TXN-C970E95F0C,CUST-500285,AeroBook 14 laptop,LAPTOP,899.0,standard,2026-09-04,2026-09-09,2026-09-09,delivered
ORD-500254,TXN-4C34BAE341,CUST-500286,Nova Lite 3 smartphone,SMARTPHONE,299.0,standard,2026-09-03,2026-09-04,2026-09-06,delivered
ORD-500255,TXN-304ED9CD11,CUST-500287,MeshLink router,NETWORKING,189.0,standard,2026-09-07,2026-09-10,2026-09-11,delivered
ORD-500256,TXN-86CAA38DB5,CUST-500288,TabOne 11 tablet,TABLET,549.0,standard,2026-08-25,2026-08-28,2026-08-29,delivered
ORD-500257,TXN-F99433524F,CUST-500289,Pulse 700 headphones,AUDIO,329.0,standard,2026-09-10,2026-09-14,2026-09-14,delivered
ORD-500258,TXN-8517C163FC,CUST-500290,Nova X5 smartphone,SMARTPHONE,749.0,standard,2026-08-28,2026-09-01,2026-09-02,delivered
ORD-500259,TXN-3777A18D8D,CUST-500305,PowerCell 20000 power bank,ACCESSORY,59.0,standard,2026-07-26,2026-07-29,2026-07-29,delivered
ORD-500260,TXN-2856FE18A1,CUST-500306,VoltCharge 65W charger,ACCESSORY,49.0,standard,2026-06-20,2026-06-24,2026-06-25,delivered
ORD-500261,TXN-92D0B95E0B,CUST-500307,TabOne 11 tablet,TABLET,549.0,standard,2026-08-14,2026-08-18,2026-08-20,delivered
ORD-500262,TXN-FB963B595F,CUST-500308,Nova Lite 3 smartphone,SMARTPHONE,299.0,standard,2026-05-12,2026-05-16,2026-05-16,delivered
ORD-500263,TXN-DD5DF9965A,CUST-500309,Nova Lite 3 smartphone,SMARTPHONE,299.0,standard,2026-05-17,2026-05-22,2026-05-23,delivered
ORD-500264,TXN-650C0FB3F3,CUST-500310,Nova Lite 3 smartphone,SMARTPHONE,299.0,standard,2026-04-22,2026-04-26,2026-04-27,delivered
ORD-500265,TXN-0D51BA3D62,CUST-500311,Orbit Watch 2,WEARABLE,249.0,standard,2026-08-10,2026-08-12,2026-08-13,delivered
ORD-500266,TXN-F334414C06,CUST-500312,TabOne 11 tablet,TABLET,549.0,standard,2026-05-03,2026-05-07,2026-05-08,delivered
ORD-500267,TXN-6D032AF872,CUST-500313,Orbit Watch 2,WEARABLE,249.0,standard,2026-08-05,2026-08-10,2026-08-11,delivered
ORD-500268,TXN-0A37328B4B,CUST-500314,VoltCharge 65W charger,ACCESSORY,49.0,standard,2026-05-11,2026-05-14,2026-05-16,delivered
ORD-500269,TXN-FD1721EF1A,CUST-500315,PowerCell 20000 power bank,ACCESSORY,59.0,standard,2026-08-28,2026-09-02,2026-09-02,delivered
ORD-500270,TXN-49A91A32D8,CUST-500316,Orbit Watch 2,WEARABLE,249.0,standard,2026-08-21,2026-08-24,2026-08-24,delivered
ORD-500271,TXN-3F22954B9F,CUST-500317,Orbit Watch 2,WEARABLE,249.0,standard,2026-04-16,2026-04-20,2026-04-21,delivered
ORD-500272,TXN-1DF0ED3099,CUST-500318,TabOne 11 tablet,TABLET,549.0,standard,2026-03-27,2026-03-30,2026-04-01,delivered
ORD-500273,TXN-129033909C,CUST-500319,Nova Lite 3 smartphone,SMARTPHONE,299.0,standard,2026-07-21,2026-07-24,2026-07-26,delivered
ORD-500274,TXN-39FCED198B,CUST-500320,TabOne 11 tablet,TABLET,549.0,standard,2026-07-12,2026-07-13,2026-07-15,delivered
ORD-500275,TXN-43580FEBF7,CUST-500321,Nova Lite 3 smartphone,SMARTPHONE,299.0,standard,2026-02-23,2026-02-27,2026-02-27,delivered
ORD-500276,TXN-E8443A74C3,CUST-500322,PowerCell 20000 power bank,ACCESSORY,59.0,standard,2026-06-02,2026-06-07,2026-06-07,delivered
ORD-500277,TXN-2D2FCD2CBB,CUST-500323,PowerCell 20000 power bank,ACCESSORY,59.0,standard,2026-05-14,2026-05-16,2026-05-18,delivered
ORD-500278,TXN-F0094B40BA,CUST-500324,PowerCell 20000 power bank,ACCESSORY,59.0,standard,2026-03-22,2026-03-27,2026-03-28,delivered
ORD-500279,TXN-929F25A2A6,CUST-500325,Orbit Watch 2,WEARABLE,249.0,standard,2026-03-13,2026-03-15,2026-03-16,delivered
ORD-500280,TXN-8D643DFE6B,CUST-500326,PowerCell 20000 power bank,ACCESSORY,59.0,standard,2026-05-15,2026-05-18,2026-05-18,delivered
ORD-500281,TXN-BC8042703F,CUST-500327,TabOne 11 tablet,TABLET,549.0,standard,2026-06-09,2026-06-11,2026-06-12,delivered
ORD-500282,TXN-5C08F8399A,CUST-500328,Orbit Watch 2,WEARABLE,249.0,standard,2026-03-08,2026-03-14,2026-03-14,delivered
ORD-500283,TXN-0E6EE04DCD,CUST-500329,Nova Lite 3 smartphone,SMARTPHONE,299.0,standard,2026-05-03,2026-05-09,2026-05-09,delivered
ORD-500284,TXN-A352753C6B,CUST-500358,Nova Lite 3 smartphone,SMARTPHONE,299.0,standard,2026-09-17,2026-09-21,2026-09-22,delivered
ORD-500285,TXN-A651DB1B1A,CUST-500359,Pulse Buds Pro earbuds,AUDIO,179.0,standard,2026-09-18,2026-09-21,2026-09-21,delivered
ORD-500286,TXN-B40666BC71,CUST-500360,AeroBook 14 laptop,LAPTOP,899.0,standard,2026-08-29,2026-08-31,2026-09-02,delivered
ORD-500287,TXN-C0F8B66FFF,CUST-500361,Pulse 700 headphones,AUDIO,329.0,standard,2026-09-15,2026-09-20,2026-09-21,delivered
ORD-500288,TXN-1E0D87B946,CUST-500362,MeshLink router,NETWORKING,189.0,standard,2026-09-06,2026-09-11,2026-09-11,delivered
ORD-500289,TXN-6B40C3450B,CUST-500363,TabOne 11 tablet,TABLET,549.0,standard,2026-09-01,2026-09-07,2026-09-07,delivered
ORD-500290,TXN-850E44D60F,CUST-500364,Nova Lite 3 smartphone,SMARTPHONE,299.0,standard,2026-08-30,2026-09-02,2026-09-02,delivered
ORD-500291,TXN-11A52E5E60,CUST-500365,Nova Lite 3 smartphone,SMARTPHONE,299.0,standard,2026-02-14,2026-02-18,2026-02-20,delivered
ORD-500292,TXN-681AEE679D,CUST-500366,Orbit Watch 2,WEARABLE,249.0,standard,2026-04-20,2026-04-24,2026-04-24,delivered
ORD-500293,TXN-0B703ED317,CUST-500367,TabOne 11 tablet,TABLET,549.0,standard,2026-07-22,2026-07-26,2026-07-28,delivered
ORD-500294,TXN-FAA56A9649,CUST-500368,PowerCell 20000 power bank,ACCESSORY,59.0,standard,2026-08-10,2026-08-11,2026-08-13,delivered
ORD-500295,TXN-DDE9FA5AF0,CUST-500369,VoltCharge 65W charger,ACCESSORY,49.0,standard,2026-03-09,2026-03-11,2026-03-13,delivered
ORD-500296,TXN-D03297516C,CUST-500370,PowerCell 20000 power bank,ACCESSORY,59.0,standard,2026-06-21,2026-06-26,2026-06-26,delivered
ORD-500297,TXN-B1AD5A1D38,CUST-500371,TabOne 11 tablet,TABLET,549.0,standard,2026-03-19,2026-03-25,2026-03-25,delivered
ORD-500298,TXN-5A56A0F6B7,CUST-500372,Orbit Watch 2,WEARABLE,249.0,standard,2026-04-12,2026-04-16,2026-04-16,delivered
ORD-500299,TXN-0310A7363C,CUST-500373,Nova Lite 3 smartphone,SMARTPHONE,299.0,standard,2026-08-16,2026-08-22,2026-08-22,delivered
ORD-500300,TXN-E891B12B38,CUST-500374,PowerCell 20000 power bank,ACCESSORY,59.0,standard,2026-03-05,2026-03-10,2026-03-10,delivered
ORD-500301,TXN-F44DD77E16,CUST-500375,GameStation controller,ACCESSORY,69.0,standard,2026-07-27,2026-07-29,2026-07-31,delivered
ORD-500302,TXN-DBB1DD7724,CUST-500376,AeroBook 14 laptop,LAPTOP,899.0,standard,2026-07-25,2026-07-28,2026-07-29,delivered
ORD-500303,TXN-07915551CF,CUST-500377,MeshLink router,NETWORKING,189.0,standard,2026-08-15,2026-08-17,2026-08-18,delivered
ORD-500304,TXN-3B5C82EF50,CUST-500378,Pulse Buds Pro earbuds,AUDIO,179.0,standard,2026-07-31,2026-08-05,2026-08-06,delivered
ORD-500305,TXN-8B48D432E1,CUST-500379,TabOne 11 tablet,TABLET,549.0,standard,2026-09-15,2026-09-16,2026-09-18,delivered
ORD-500306,TXN-903DB40E50,CUST-500380,Orbit Watch 2,WEARABLE,249.0,standard,2026-08-30,2026-09-03,2026-09-03,delivered
ORD-500307,TXN-F2F0F02A58,CUST-500381,TabOne 11 tablet,TABLET,549.0,standard,2026-08-23,2026-08-27,2026-08-28,delivered
ORD-500308,TXN-72E0530DA4,CUST-500382,AeroBook 14 laptop,LAPTOP,899.0,standard,2026-09-11,2026-09-14,2026-09-14,delivered
ORD-500309,TXN-F3CF29CB82,CUST-500383,GameStation controller,ACCESSORY,69.0,standard,2026-08-30,2026-09-02,2026-09-03,delivered
ORD-500310,TXN-0BABF10D95,CUST-500384,Orbit Watch 2,WEARABLE,249.0,standard,2026-09-01,2026-09-04,2026-09-06,delivered
ORD-500311,TXN-FC31482B76,CUST-500385,Orbit Watch 2,WEARABLE,249.0,standard,2026-08-25,2026-08-28,2026-08-30,delivered
ORD-500312,TXN-61ABE5DDC6,CUST-500386,GameStation controller,ACCESSORY,69.0,standard,2026-09-06,2026-09-10,2026-09-12,delivered
ORD-500313,TXN-ABD63C8882,CUST-500387,Pulse Buds Pro earbuds,AUDIO,179.0,standard,2026-09-13,2026-09-17,2026-09-17,delivered
ORD-500314,TXN-E11A2B8BD1,CUST-500388,TabOne 11 tablet,TABLET,549.0,standard,2026-08-30,2026-09-01,2026-09-03,delivered
ORD-500315,TXN-78FCD3552C,CUST-500389,AeroBook 14 laptop,LAPTOP,899.0,standard,2026-09-12,2026-09-14,2026-09-15,delivered
ORD-500316,TXN-8EE2CC696F,CUST-500390,Orbit Watch 2,WEARABLE,249.0,standard,2026-09-04,2026-09-08,2026-09-10,delivered
ORD-500317,TXN-CECF56536F,CUST-500391,HomeHub Mini speaker,SMART_HOME,79.0,standard,2026-09-08,2026-09-11,2026-09-11,delivered
ORD-500318,TXN-36DC1553F4,CUST-500392,TabOne 11 tablet,TABLET,549.0,standard,2026-09-10,2026-09-15,2026-09-15,delivered
ORD-500319,TXN-E206EB4696,CUST-500393,VoltCharge USB-C cable,ACCESSORY,9.99,standard,2026-08-29,2026-08-30,2026-09-01,delivered
ORD-500320,TXN-07CDDC41C2,CUST-500394,VoltCharge USB-C cable,ACCESSORY,9.99,standard,2026-09-07,2026-09-09,2026-09-11,delivered
ORD-500321,TXN-DBEDC1FF2B,CUST-500395,ScreenGuard film,ACCESSORY,12.5,standard,2026-09-09,2026-09-11,2026-09-12,delivered
ORD-500322,TXN-E550866B75,CUST-500396,VoltCharge USB-C cable,ACCESSORY,9.99,standard,2026-09-02,2026-09-07,2026-09-07,delivered
ORD-500323,TXN-BC3B679391,CUST-500397,VoltCharge USB-C cable,ACCESSORY,9.99,standard,2026-08-26,2026-08-30,2026-08-31,delivered
ORD-500324,TXN-2A5EB8EDD8,CUST-500398,ScreenGuard film,ACCESSORY,12.5,standard,2026-08-28,2026-08-30,2026-09-01,delivered
ORD-500325,TXN-E30E666B3E,CUST-500399,Orbit Watch 2,WEARABLE,249.0,standard,2026-08-06,2026-08-10,2026-08-10,delivered
ORD-500326,TXN-CE75FCC631,CUST-500400,Pulse Buds Pro earbuds,AUDIO,179.0,standard,2026-07-27,2026-08-01,2026-08-02,delivered
ORD-500327,TXN-C1F0DE8374,CUST-500401,TabOne 11 tablet,TABLET,549.0,standard,2026-07-24,2026-07-26,2026-07-28,delivered
ORD-500328,TXN-F18936B0B0,CUST-500402,AeroBook 14 laptop,LAPTOP,899.0,standard,2026-08-15,2026-08-20,2026-08-20,delivered
ORD-500329,TXN-56E0C4224E,CUST-500403,Orbit Watch 2,WEARABLE,249.0,standard,2026-08-06,2026-08-10,2026-08-12,delivered
ORD-500330,TXN-4A58A0963F,CUST-500404,Orbit Watch 2,WEARABLE,249.0,standard,2026-08-20,2026-08-22,2026-08-23,delivered
ORD-500331,TXN-4BAF488121,CUST-500405,Nova Lite 3 smartphone,SMARTPHONE,299.0,standard,2026-07-30,2026-08-01,2026-08-03,delivered
ORD-500332,TXN-05223D61DB,CUST-500406,Pulse 700 headphones,AUDIO,329.0,standard,2026-07-26,2026-08-01,2026-08-01,delivered
ORD-500333,TXN-3DE78B05A0,CUST-500407,Pulse Buds Pro earbuds,AUDIO,179.0,standard,2026-09-08,2026-09-13,2026-09-14,delivered
ORD-500334,TXN-FF801EF40A,CUST-500408,AeroBook 14 laptop,LAPTOP,899.0,standard,2026-09-19,2026-09-22,2026-09-22,delivered
ORD-500335,TXN-E41FE696F7,CUST-500409,AeroBook 14 laptop,LAPTOP,899.0,standard,2026-09-07,2026-09-10,2026-09-12,delivered
ORD-500336,TXN-5B874A501C,CUST-500410,Nova X5 smartphone,SMARTPHONE,749.0,standard,2026-09-17,2026-09-20,2026-09-21,delivered
ORD-500337,TXN-BD2792403C,CUST-500411,Nova Lite 3 smartphone,SMARTPHONE,299.0,standard,2026-09-17,2026-09-20,2026-09-21,delivered
ORD-500338,TXN-862247072F,CUST-500412,HomeHub Mini speaker,SMART_HOME,79.0,standard,2026-09-07,2026-09-11,2026-09-12,delivered
ORD-500339,TXN-E1ABE1200B,CUST-500413,Nova Lite 3 smartphone,SMARTPHONE,299.0,standard,2026-09-17,2026-09-18,2026-09-20,delivered
ORD-500340,TXN-DD0FDB6846,CUST-500414,Pulse 700 headphones,AUDIO,329.0,standard,2026-09-17,2026-09-19,2026-09-20,delivered
ORD-500341,TXN-9CDE3DF701,CUST-500415,Pulse 700 headphones,AUDIO,329.0,standard,2026-09-20,2026-09-14,2026-09-24,delivered
ORD-500342,TXN-6567B95057,CUST-500416,MeshLink router,NETWORKING,189.0,standard,2026-08-27,2026-08-20,2026-09-01,delivered
ORD-500343,TXN-FEC9C6D36E,CUST-500417,Nova X5 smartphone,SMARTPHONE,749.0,standard,2026-09-15,2026-09-09,2026-09-18,delivered
ORD-500344,TXN-C142E6B51E,CUST-500418,TabOne 11 tablet,TABLET,549.0,standard,2026-09-04,2026-08-31,2026-09-10,delivered
ORD-500345,TXN-EA26BB2B7D,CUST-500419,Nova X5 smartphone,SMARTPHONE,749.0,standard,2026-09-17,2026-09-09,2026-09-21,delivered
ORD-500346,TXN-5F80A869A0,CUST-500420,MeshLink router,NETWORKING,189.0,standard,2026-08-30,2026-08-26,2026-09-04,delivered
ORD-500347,TXN-0A4AFF8C03,CUST-500421,Pulse Buds Pro earbuds,AUDIO,179.0,standard,2026-09-05,2026-09-02,2026-09-11,delivered
ORD-500348,TXN-0F8F30C9C9,CUST-500422,Nova Lite 3 smartphone,SMARTPHONE,299.0,standard,2026-08-31,2026-08-25,2026-09-04,delivered
ORD-500349,TXN-ADE7B2F365,CUST-500423,GameStation controller,ACCESSORY,69.0,standard,2026-09-11,2026-09-04,2026-09-15,delivered
ORD-500350,TXN-59D3FB8B1E,CUST-500424,TabOne 11 tablet,TABLET,549.0,standard,2026-08-29,2026-08-25,2026-09-04,delivered
ORD-500351,TXN-CB54AF063D,CUST-500425,Orbit Watch 2,WEARABLE,249.0,standard,2026-09-08,2026-09-03,2026-09-11,delivered
ORD-500352,TXN-299CF16CBD,CUST-500426,GameStation controller,ACCESSORY,69.0,standard,2026-08-26,2026-08-24,2026-09-01,delivered
ORD-500353,TXN-EB3A886BA7,CUST-500427,PowerCell 20000 power bank,ACCESSORY,59.0,standard,2026-08-05,2026-08-08,2026-08-10,delivered
ORD-500354,TXN-24C2B0B3E8,CUST-500428,PowerCell 20000 power bank,ACCESSORY,59.0,standard,2026-07-08,2026-07-11,2026-07-13,delivered
ORD-500355,TXN-E3C89B348D,CUST-500429,Nova Lite 3 smartphone,SMARTPHONE,299.0,standard,2026-07-10,2026-07-14,2026-07-15,delivered
ORD-500356,TXN-5249B35573,CUST-500430,TabOne 11 tablet,TABLET,549.0,standard,2026-06-14,2026-06-16,2026-06-17,delivered
ORD-500357,TXN-40B482A166,CUST-500431,Orbit Watch 2,WEARABLE,249.0,standard,2026-07-20,2026-07-23,2026-07-23,delivered
ORD-500358,TXN-AE032026ED,CUST-500432,Orbit Watch 2,WEARABLE,249.0,standard,2026-08-03,2026-08-06,2026-08-07,delivered
ORD-500359,TXN-761FF24F6D,CUST-500433,Nova Lite 3 smartphone,SMARTPHONE,299.0,standard,2026-09-08,2026-09-10,2026-09-11,delivered
ORD-500360,TXN-3C10D779D2,CUST-500434,GameStation controller,ACCESSORY,69.0,standard,2026-09-14,2026-09-16,2026-09-18,delivered
ORD-500361,TXN-8759432A25,CUST-500435,Nova Lite 3 smartphone,SMARTPHONE,299.0,standard,2026-09-11,2026-09-13,2026-09-15,delivered
ORD-500362,TXN-239D1E44C3,CUST-500436,HomeHub Mini speaker,SMART_HOME,79.0,standard,2026-09-11,2026-09-13,2026-09-15,delivered
ORD-500363,TXN-D57EB3FACC,CUST-500463,Pulse 700 headphones,AUDIO,329.0,standard,2026-08-23,2026-08-25,2026-08-26,delivered
ORD-500364,TXN-E242621710,CUST-500464,TabOne 11 tablet,TABLET,549.0,standard,2026-08-24,2026-08-27,2026-08-28,delivered
ORD-500365,TXN-10049A706B,CUST-500465,Pulse Buds Pro earbuds,AUDIO,179.0,standard,2026-08-10,2026-08-13,2026-08-15,delivered
ORD-500366,TXN-B8C1EEEB6B,CUST-500466,Pulse 700 headphones,AUDIO,329.0,standard,2026-08-08,2026-08-11,2026-08-12,delivered
ORD-500367,TXN-B3A0A58C30,CUST-500467,Orbit Watch 2,WEARABLE,249.0,standard,2026-09-02,2026-09-06,2026-09-07,delivered
ORD-500368,TXN-9E24C2B360,CUST-500468,Nova Lite 3 smartphone,SMARTPHONE,299.0,standard,2026-08-23,2026-08-26,2026-08-26,delivered
ORD-500369,TXN-B9360671D5,CUST-500469,Pulse Buds Pro earbuds,AUDIO,179.0,standard,2026-09-06,2026-09-12,2026-09-12,delivered
ORD-500370,TXN-6829304100,CUST-500470,Nova Lite 3 smartphone,SMARTPHONE,299.0,standard,2026-09-04,2026-09-06,2026-09-07,delivered
ORD-500371,TXN-B63FF400E8,CUST-500471,TabOne 11 tablet,TABLET,549.0,standard,2026-08-29,2026-08-27,2026-09-04,delivered
ORD-500372,TXN-B8353E80FD,CUST-500472,MeshLink router,NETWORKING,189.0,standard,2026-09-18,2026-09-11,2026-09-21,delivered
ORD-500373,TXN-EC013EA03F,CUST-500473,AeroBook 14 laptop,LAPTOP,899.0,standard,2026-08-31,2026-08-27,2026-09-04,delivered
ORD-500374,TXN-53EFEA62DC,CUST-500474,Nova Lite 3 smartphone,SMARTPHONE,299.0,standard,2026-08-27,2026-08-20,2026-08-31,delivered
ORD-500375,TXN-0654A70E38,CUST-500475,Nova Lite 3 smartphone,SMARTPHONE,299.0,standard,2025-06-24,2025-06-29,2025-06-29,delivered
ORD-500376,TXN-002EB549E3,CUST-500476,Nova X5 smartphone,SMARTPHONE,749.0,standard,2025-08-04,2025-08-10,2025-08-10,delivered
ORD-500377,TXN-1BC0CADDF1,CUST-500477,Pulse 700 headphones,AUDIO,329.0,standard,2025-06-30,2025-07-05,2025-07-05,delivered
ORD-500378,TXN-D91066DAAA,CUST-500478,Nova Lite 3 smartphone,SMARTPHONE,299.0,standard,2025-07-10,2025-07-14,2025-07-14,delivered
ORD-500379,TXN-7CA89FA66F,CUST-500479,Pulse Buds Pro earbuds,AUDIO,179.0,standard,2026-08-04,2026-08-08,2026-08-10,delivered
ORD-500380,TXN-5303AFC2A2,CUST-500480,HomeHub Mini speaker,SMART_HOME,79.0,standard,2026-08-21,2026-08-24,2026-08-26,delivered
ORD-500381,TXN-F413B002DC,CUST-500481,Pulse 700 headphones,AUDIO,329.0,standard,2026-08-23,2026-08-27,2026-08-29,delivered
ORD-500382,TXN-9E2E751520,CUST-500482,Pulse 700 headphones,AUDIO,329.0,standard,2026-08-21,2026-08-23,2026-08-24,delivered
ORD-500383,TXN-F876419348,CUST-500483,Nova Lite 3 smartphone,SMARTPHONE,299.0,standard,2026-07-07,2026-07-12,2026-07-12,delivered
ORD-500384,TXN-C7DE39D803,CUST-500484,Nova X5 smartphone,SMARTPHONE,749.0,standard,2026-06-17,2026-06-19,2026-06-21,delivered
ORD-500385,TXN-A031BF34F0,CUST-500485,Orbit Watch 2,WEARABLE,249.0,standard,2026-06-28,2026-07-01,2026-07-02,delivered
ORD-500386,TXN-5B78F06B8E,CUST-500486,HomeHub Mini speaker,SMART_HOME,79.0,standard,2026-08-06,2026-08-08,2026-08-10,delivered
ORD-500387,TXN-C648B7240F,CUST-500487,Pulse Buds Pro earbuds,AUDIO,179.0,standard,2026-08-01,2026-08-06,2026-08-06,delivered
ORD-500388,TXN-AD28F21C9D,CUST-500488,HomeHub Mini speaker,SMART_HOME,79.0,standard,2026-07-02,2026-07-08,2026-07-08,delivered
ORD-500389,TXN-904C1F3448,CUST-500489,Nova X5 smartphone,SMARTPHONE,749.0,standard,2026-07-03,2026-07-08,2026-07-08,delivered
ORD-500390,TXN-6D974E15A4,CUST-500490,Orbit Watch 2,WEARABLE,249.0,standard,2026-08-03,2026-08-05,2026-08-06,delivered
ORD-500391,TXN-84517F0572,CUST-500491,HomeHub Mini speaker,SMART_HOME,79.0,standard,2026-07-09,2026-07-12,2026-07-14,delivered
ORD-500392,TXN-5A722098E2,CUST-500492,Nova Lite 3 smartphone,SMARTPHONE,299.0,standard,2026-07-20,2026-07-24,2026-07-25,delivered
ORD-500393,TXN-78B8C40095,CUST-500493,Pulse 700 headphones,AUDIO,329.0,standard,2026-07-16,2026-07-20,2026-07-20,delivered
ORD-500394,TXN-0B243041AC,CUST-500494,Nova X5 smartphone,SMARTPHONE,749.0,standard,2026-06-23,2026-06-27,2026-06-29,delivered
ORD-500395,TXN-76AAB0524A,CUST-500495,Orbit Watch 2,WEARABLE,249.0,standard,2026-08-26,2026-08-27,2026-09-01,delivered
ORD-500396,TXN-9B4E08421D,CUST-500496,Orbit Watch 2,WEARABLE,249.0,standard,2026-09-09,2026-09-10,2026-09-15,delivered
ORD-500397,TXN-98523A79CA,CUST-500497,AeroBook 14 laptop,LAPTOP,899.0,standard,2026-09-17,2026-09-16,2026-09-21,delivered
ORD-500398,TXN-937D875CEE,CUST-500498,HomeHub Mini speaker,SMART_HOME,79.0,standard,2026-09-05,2026-09-04,2026-09-10,delivered
ORD-500399,TXN-92C26910E0,CUST-500499,MeshLink router,NETWORKING,189.0,standard,2026-08-30,2026-08-28,2026-09-03,delivered
ORD-500400,TXN-2061985631,CUST-500500,Pulse 700 headphones,AUDIO,329.0,standard,2026-09-05,2026-09-02,2026-09-08,delivered
ORD-500401,TXN-D9AA487201,CUST-500501,Nova Lite 3 smartphone,SMARTPHONE,299.0,standard,2026-08-29,2026-08-31,2026-09-04,delivered
ORD-500402,TXN-B59057C1FD,CUST-500502,Nova X5 smartphone,SMARTPHONE,749.0,standard,2026-09-07,2026-09-08,2026-09-11,delivered
ORD-500403,TXN-7E492B1DD3,CUST-500503,Nova X5 smartphone,SMARTPHONE,749.0,standard,2026-09-11,2026-09-14,2026-09-16,delivered
ORD-500404,TXN-8A3E3F4706,CUST-500504,Orbit Watch 2,WEARABLE,249.0,standard,2026-09-01,2026-08-31,2026-09-04,delivered
