rule_id,category,subcategory,condition,department,supporting_departments,urgency,priority,escalation_level,required_actions,prohibited_actions,policy_refs,follow_up,rule_priority,description
DEL-000,DELIVERY,,,LOGISTICS,,Medium,P2,0,VERIFY_ORDER;VERIFY_SHIPMENT_STATUS,PROMISE_DELIVERY_DATE_UNVERIFIED,DEL-POL-04#4.1,DELIVERY_STATUS_UPDATE@48,10,Default handling for delivery complaints
DEL-001,DELIVERY,DELAYED_DELIVERY,not has_order,LOGISTICS,,Low,P3,0,REQUEST_MISSING_INFORMATION;VERIFY_ORDER,PROMISE_DELIVERY_DATE_UNVERIFIED;PROMISE_CASH_COMPENSATION,DEL-POL-04#4.1;CMP-SOP-01#4,REQUEST_INFORMATION@48,40,Delay reported without an identifiable order
DEL-002,DELIVERY,DELAYED_DELIVERY,days_late <= 5,LOGISTICS,,Medium,P2,0,VERIFY_SHIPMENT_STATUS;CONFIRM_DELIVERY_DATE,PROMISE_DELIVERY_DATE_UNVERIFIED;PROMISE_CASH_COMPENSATION,DEL-POL-04#4.1,DELIVERY_STATUS_UPDATE@48,50,Delay of up to 5 business days (no compensation)
DEL-003,DELIVERY,DELAYED_DELIVERY,days_late > 5 and shipping_method == 'standard',LOGISTICS,,Medium,P2,0,VERIFY_SHIPMENT_STATUS;CHECK_COMPENSATION_ELIGIBILITY;CONFIRM_DELIVERY_DATE,PROMISE_CASH_COMPENSATION;PROMISE_DELIVERY_DATE_UNVERIFIED,DEL-POL-04#5.1;DEL-POL-04#5.2,DELIVERY_STATUS_UPDATE@24,60,Standard order more than 5 business days late: 10% store credit up to USD 50 if eligible
DEL-004,DELIVERY,DELAYED_DELIVERY,days_late > 0 and shipping_method == 'express',LOGISTICS,,Medium,P2,0,VERIFY_SHIPMENT_STATUS;REFUND_SHIPPING_FEE,PROMISE_CASH_COMPENSATION;PROMISE_DELIVERY_DATE_UNVERIFIED,DEL-POL-04#5.2,DELIVERY_STATUS_UPDATE@24,60,Late express order: refund the express fee
DEL-005,DELIVERY,DELAYED_DELIVERY,days_late > 10,LOGISTICS,,High,P1,0,VERIFY_SHIPMENT_STATUS;OPEN_COURIER_INVESTIGATION;CHECK_COMPENSATION_ELIGIBILITY,PROMISE_CASH_COMPENSATION;PROMISE_DELIVERY_DATE_UNVERIFIED,DEL-POL-04#4.2;DEL-POL-04#5.2;DEL-SOP-01#1,DELIVERY_STATUS_UPDATE@24,70,Very late order: investigate as a possible lost parcel
DEL-006,DELIVERY,LOST_PARCEL,,LOGISTICS,,High,P1,0,VERIFY_SHIPMENT_STATUS;OPEN_COURIER_INVESTIGATION;CHECK_REPLACEMENT_ELIGIBILITY,PROMISE_REFUND_BEFORE_VERIFICATION;PROMISE_DELIVERY_DATE_UNVERIFIED,DEL-POL-04#4.2;DEL-SOP-01#1,DELIVERY_STATUS_UPDATE@48,50,Lost parcel: courier investigation then replacement or refund
DEL-007,DELIVERY,LOST_PARCEL,not has_order,LOGISTICS,,Medium,P2,0,REQUEST_MISSING_INFORMATION;VERIFY_ORDER,PROMISE_REFUND_BEFORE_VERIFICATION,DEL-POL-04#4.2;CMP-SOP-01#4,REQUEST_INFORMATION@48,55,Lost parcel reported without order details
DEL-008,DELIVERY,WRONG_ADDRESS_DELIVERY,,LOGISTICS,,Medium,P2,0,VERIFY_SHIPMENT_STATUS;OPEN_COURIER_INVESTIGATION,PROMISE_CASH_COMPENSATION;PROMISE_REFUND_BEFORE_VERIFICATION,DEL-POL-04#7;DEL-SOP-01#1,DELIVERY_STATUS_UPDATE@48,50,Delivered to another address: investigate; lost-parcel handling if VoltHaven's error
DEL-009,DELIVERY,DAMAGED_IN_TRANSIT,days_since_delivery <= 2,LOGISTICS,RETURNS,Medium,P2,0,REQUEST_EVIDENCE;VERIFY_ORDER;CHECK_REFUND_ELIGIBILITY,PROMISE_REFUND_BEFORE_VERIFICATION,DEL-POL-04#6;REF-POL-01#3,REPLACEMENT_STATUS_UPDATE@48,60,Transit damage reported within 48 hours
DEL-010,DELIVERY,DAMAGED_IN_TRANSIT,days_since_delivery > 2,LOGISTICS,RETURNS,Medium,P2,0,REQUEST_EVIDENCE;VERIFY_ORDER;EXPLAIN_POLICY,PROMISE_REFUND_BEFORE_VERIFICATION;GRANT_POLICY_EXCEPTION,DEL-POL-04#6;WAR-POL-02#3.1,REQUEST_INFORMATION@48,60,Transit damage reported after 48 hours: handle under warranty rules
DEL-011,DELIVERY,DAMAGED_IN_TRANSIT,,LOGISTICS,RETURNS,Medium,P2,0,REQUEST_EVIDENCE;VERIFY_ORDER,PROMISE_REFUND_BEFORE_VERIFICATION,DEL-POL-04#6,REQUEST_INFORMATION@48,40,Transit damage with unknown delivery date
PRD-000,PRODUCT_DEFECT,,,RETURNS,,Medium,P2,0,VERIFY_ORDER;REQUEST_EVIDENCE,PROMISE_REFUND_BEFORE_VERIFICATION;GUARANTEE_REPLACEMENT_BEFORE_ASSESSMENT,WAR-POL-02#5,REQUEST_INFORMATION@48,10,Default handling for product defects
PRD-001,PRODUCT_DEFECT,DEAD_ON_ARRIVAL,days_since_delivery <= 14,RETURNS,,Medium,P2,0,REQUEST_EVIDENCE;VERIFY_ORDER;CHECK_REFUND_ELIGIBILITY,PROMISE_REFUND_BEFORE_VERIFICATION,REF-POL-01#3,REPLACEMENT_STATUS_UPDATE@48,60,Dead on arrival within 14 days: full refund or replacement after verification
PRD-002,PRODUCT_DEFECT,DEAD_ON_ARRIVAL,days_since_delivery > 14,WARRANTY,,Medium,P2,0,VERIFY_WARRANTY_STATUS;REQUEST_EVIDENCE;CHECK_REPLACEMENT_ELIGIBILITY,PROMISE_REFUND_BEFORE_VERIFICATION;GUARANTEE_REPLACEMENT_BEFORE_ASSESSMENT,WAR-POL-02#3.1;WAR-POL-02#5,REPLACEMENT_STATUS_UPDATE@48,60,Dead-on-arrival reported after 14 days: warranty route
PRD-003,PRODUCT_DEFECT,MALFUNCTION_AFTER_USE,days_since_delivery <= 30,RETURNS,,Medium,P2,0,VERIFY_ORDER;REQUEST_EVIDENCE;CHECK_REPLACEMENT_ELIGIBILITY,GUARANTEE_REPLACEMENT_BEFORE_ASSESSMENT;PROMISE_REFUND_BEFORE_VERIFICATION,WAR-POL-02#3.1,REPLACEMENT_STATUS_UPDATE@48,60,Fault within 30 days: replacement after verification
PRD-004,PRODUCT_DEFECT,MALFUNCTION_AFTER_USE,days_since_delivery > 30,WARRANTY,,Medium,P2,0,VERIFY_WARRANTY_STATUS;VERIFY_REPAIR_HISTORY;ARRANGE_REPAIR,GUARANTEE_REPLACEMENT_BEFORE_ASSESSMENT,WAR-POL-02#3.2;WAR-POL-02#5,REPAIR_STATUS_UPDATE@120,60,Fault after 30 days: repair first
PRD-005,PRODUCT_DEFECT,MALFUNCTION_AFTER_USE,days_since_delivery > 365 and customer_type != 'VOLTCARE_PLUS',WARRANTY,,Low,P3,0,VERIFY_WARRANTY_STATUS;EXPLAIN_POLICY,GRANT_POLICY_EXCEPTION;GUARANTEE_REPLACEMENT_BEFORE_ASSESSMENT,WAR-POL-02#1;WAR-POL-02#2,RESOLUTION_CONFIRMATION@72,70,Out of standard 12-month warranty
PRD-006,PRODUCT_DEFECT,MALFUNCTION_AFTER_USE,days_since_delivery > 730,WARRANTY,,Low,P3,0,VERIFY_WARRANTY_STATUS;EXPLAIN_POLICY,GRANT_POLICY_EXCEPTION;GUARANTEE_REPLACEMENT_BEFORE_ASSESSMENT,WAR-POL-02#1,RESOLUTION_CONFIRMATION@72,75,Out of VoltCare+ 24-month warranty
PRD-007,PRODUCT_DEFECT,MISSING_PARTS,days_since_delivery <= 14,RETURNS,,Medium,P2,0,VERIFY_ORDER;REQUEST_EVIDENCE,PROMISE_REFUND_BEFORE_VERIFICATION,RET-SOP-01#5;REF-POL-01#5,REPLACEMENT_STATUS_UPDATE@48,60,Missing parts reported within 14 days: send parts after verification
PRD-008,PRODUCT_DEFECT,MISSING_PARTS,days_since_delivery > 14,RETURNS,,Low,P3,0,VERIFY_ORDER;REQUEST_EVIDENCE;EXPLAIN_POLICY,PROMISE_REFUND_BEFORE_VERIFICATION;GRANT_POLICY_EXCEPTION,REF-POL-01#5,REQUEST_INFORMATION@72,60,Missing parts reported late
PRD-009,PRODUCT_DEFECT,WRONG_ITEM,,RETURNS,,Medium,P2,0,VERIFY_ORDER;REQUEST_EVIDENCE;ARRANGE_RETURN_PICKUP,PROMISE_REFUND_BEFORE_VERIFICATION,RET-SOP-01#1;REF-POL-01#3,REPLACEMENT_STATUS_UPDATE@48,50,Wrong item received: collect and send the correct item
PRD-010,PRODUCT_DEFECT,WRONG_ITEM,order_amount > 1000,RETURNS,,High,P1,0,VERIFY_ORDER;REQUEST_EVIDENCE;ARRANGE_RETURN_PICKUP,PROMISE_REFUND_BEFORE_VERIFICATION,RET-SOP-01#1;REF-POL-01#3,REPLACEMENT_STATUS_UPDATE@24,60,High-value wrong item
BIL-000,BILLING,,,BILLING,,Medium,P2,0,VERIFY_TRANSACTION,PROMISE_REFUND_BEFORE_VERIFICATION,BIL-POL-01#4,REFUND_STATUS_UPDATE@72,10,Default handling for billing complaints
BIL-001,BILLING,DUPLICATE_CHARGE,,BILLING,,Medium,P2,0,VERIFY_TRANSACTION,PROMISE_REFUND_BEFORE_VERIFICATION;PROMISE_BANK_POSTING_DATE,BIL-POL-01#3,REFUND_STATUS_UPDATE@72,50,Duplicate charge: reverse after verification
BIL-002,BILLING,DUPLICATE_CHARGE,disputed_amount > 1000,BILLING,,High,P1,0,VERIFY_TRANSACTION,PROMISE_REFUND_BEFORE_VERIFICATION;PROMISE_BANK_POSTING_DATE,BIL-POL-01#3;BIL-POL-01#5,REFUND_STATUS_UPDATE@24,60,High-value duplicate charge
BIL-003,BILLING,INCORRECT_CHARGE,,BILLING,,Medium,P2,0,VERIFY_TRANSACTION;VERIFY_ORDER,PROMISE_REFUND_BEFORE_VERIFICATION,BIL-POL-01#4,REFUND_STATUS_UPDATE@72,50,Incorrect charge: correct after verification
BIL-004,BILLING,INCORRECT_CHARGE,disputed_amount > 1000,BILLING,,High,P1,0,VERIFY_TRANSACTION;VERIFY_ORDER,PROMISE_REFUND_BEFORE_VERIFICATION,BIL-POL-01#4;BIL-POL-01#5,REFUND_STATUS_UPDATE@24,60,High-value incorrect charge
BIL-005,BILLING,SUBSCRIPTION_RENEWAL,,BILLING,,Medium,P2,0,VERIFY_ACCOUNT;VERIFY_TRANSACTION,GRANT_POLICY_EXCEPTION,CAN-POL-01#3;CAN-POL-01#4,RESOLUTION_CONFIRMATION@72,50,Unwanted VoltCare+ renewal
BIL-006,BILLING,SUBSCRIPTION_RENEWAL,requests_refund,BILLING,,Medium,P2,0,VERIFY_ACCOUNT;VERIFY_TRANSACTION;CHECK_REFUND_ELIGIBILITY,GRANT_POLICY_EXCEPTION;PROMISE_REFUND_BEFORE_VERIFICATION,CAN-POL-01#4,REFUND_STATUS_UPDATE@72,60,Renewal refund request: eligible within 14 days if no claim used
BIL-007,BILLING,PROMO_NOT_APPLIED,days_since_order <= 14,BILLING,,Low,P3,0,VERIFY_ORDER;EXPLAIN_POLICY,GRANT_POLICY_EXCEPTION,PRM-POL-01#3,RESOLUTION_CONFIRMATION@72,60,Promotion not applied: retroactive within 14 days if eligible
BIL-008,BILLING,PROMO_NOT_APPLIED,days_since_order > 14,BILLING,,Low,P3,0,EXPLAIN_POLICY,GRANT_POLICY_EXCEPTION,PRM-POL-01#3;PRM-POL-01#5,RESOLUTION_CONFIRMATION@72,60,Promotion claimed after 14 days: not eligible
REF-000,REFUND,,,RETURNS,,Medium,P2,0,VERIFY_ORDER;VERIFY_REFUND_STATUS,PROMISE_REFUND_BEFORE_VERIFICATION,REF-POL-01#4.1,REFUND_STATUS_UPDATE@72,10,Default handling for refund complaints
REF-001,REFUND,REFUND_DELAY,,RETURNS,,Medium,P2,0,VERIFY_REFUND_STATUS,PROMISE_BANK_POSTING_DATE,REF-POL-01#4.1;REF-POL-01#4.2,REFUND_STATUS_UPDATE@48,50,Refund not yet received
REF-002,REFUND,REFUND_DELAY,repeat_contact,BILLING,RETURNS,Medium,P2,0,VERIFY_REFUND_STATUS;VERIFY_TRANSACTION,PROMISE_BANK_POSTING_DATE,REF-POL-01#4.2,REFUND_STATUS_UPDATE@24,60,Refund still missing after earlier contact: Billing traces the transaction
REF-003,REFUND,REFUND_DENIED,,RETURNS,,Medium,P2,0,VERIFY_ORDER;CHECK_REFUND_ELIGIBILITY;EXPLAIN_POLICY,GRANT_POLICY_EXCEPTION,REF-POL-01#2;REF-POL-01#6,RESOLUTION_CONFIRMATION@72,50,Refund denied: re-check eligibility and explain
REF-004,REFUND,REFUND_DENIED,days_since_delivery > 30,RETURNS,,Low,P3,0,VERIFY_ORDER;EXPLAIN_POLICY,GRANT_POLICY_EXCEPTION;PROMISE_REFUND_BEFORE_VERIFICATION,REF-POL-01#2,RESOLUTION_CONFIRMATION@72,60,Change-of-mind refund outside 30 days
REF-005,REFUND,PARTIAL_REFUND,,RETURNS,,Medium,P2,0,VERIFY_REFUND_STATUS;EXPLAIN_POLICY,GRANT_POLICY_EXCEPTION,REF-POL-01#5,RESOLUTION_CONFIRMATION@72,50,Partial refund disputed: explain deduction
REF-006,REFUND,REFUND_DENIED,order_amount > 1000,RETURNS,,Medium,P2,1,VERIFY_ORDER;CHECK_REFUND_ELIGIBILITY;ESCALATE_TO_SUPERVISOR,GRANT_POLICY_EXCEPTION,REF-POL-01#6,RESOLUTION_CONFIRMATION@48,65,High-value refund denial needs supervisor review
RET-000,RETURNS_REPLACEMENT,,,RETURNS,,Medium,P2,0,VERIFY_ORDER,PROMISE_DELIVERY_DATE_UNVERIFIED,RET-SOP-01#1,REPLACEMENT_STATUS_UPDATE@72,10,Default handling for returns and replacements
RET-001,RETURNS_REPLACEMENT,RETURN_REJECTED,,RETURNS,,Medium,P2,0,VERIFY_ORDER;EXPLAIN_POLICY,GRANT_POLICY_EXCEPTION,RET-SOP-01#4,RESOLUTION_CONFIRMATION@72,50,Return rejected: explain reason with inspection evidence
RET-002,RETURNS_REPLACEMENT,REPLACEMENT_DELAY,,RETURNS,,Medium,P2,0,VERIFY_ORDER;SEND_STATUS_UPDATE,PROMISE_DELIVERY_DATE_UNVERIFIED,RET-SOP-01#5,REPLACEMENT_STATUS_UPDATE@48,50,Replacement not yet dispatched
RET-003,RETURNS_REPLACEMENT,REPLACEMENT_DELAY,repeat_contact,RETURNS,,High,P1,1,VERIFY_ORDER;SEND_STATUS_UPDATE;ESCALATE_TO_SUPERVISOR,PROMISE_DELIVERY_DATE_UNVERIFIED,RET-SOP-01#5,REPLACEMENT_STATUS_UPDATE@24,60,Replacement delay chased again
RET-004,RETURNS_REPLACEMENT,RETURN_PICKUP_MISSED,,RETURNS,,Medium,P2,0,ARRANGE_RETURN_PICKUP;APOLOGISE,,RET-SOP-01#2,RESOLUTION_CONFIRMATION@48,50,Missed pickup: reschedule within 2 business days
RET-005,RETURNS_REPLACEMENT,RETURN_PICKUP_MISSED,repeat_contact,RETURNS,CUSTOMER_RELATIONS,Medium,P2,1,ARRANGE_RETURN_PICKUP;APOLOGISE;ESCALATE_TO_SUPERVISOR,,RET-SOP-01#2,RESOLUTION_CONFIRMATION@24,60,Pickup missed more than once
WAR-000,WARRANTY,,,WARRANTY,,Medium,P2,0,VERIFY_WARRANTY_STATUS,GUARANTEE_REPLACEMENT_BEFORE_ASSESSMENT,WAR-POL-02#5,REPAIR_STATUS_UPDATE@120,10,Default handling for warranty complaints
WAR-001,WARRANTY,WARRANTY_CLAIM_DENIED,,WARRANTY,,Medium,P2,0,VERIFY_WARRANTY_STATUS;EXPLAIN_POLICY,GRANT_POLICY_EXCEPTION,WAR-POL-02#2;WAR-POL-02#5,RESOLUTION_CONFIRMATION@72,50,Warranty claim denied: re-check coverage and explain
WAR-002,WARRANTY,WARRANTY_CLAIM_DENIED,days_since_delivery <= 365 or customer_type == 'VOLTCARE_PLUS',WARRANTY,,Medium,P2,0,VERIFY_WARRANTY_STATUS;REQUEST_EVIDENCE;VERIFY_REPAIR_HISTORY,GRANT_POLICY_EXCEPTION,WAR-POL-02#1;WAR-POL-02#5,RESOLUTION_CONFIRMATION@72,60,Denied claim that may still be in warranty: review evidence
WAR-003,WARRANTY,REPAIR_DELAY,,WARRANTY,,Medium,P2,0,VERIFY_REPAIR_HISTORY;SEND_STATUS_UPDATE,GUARANTEE_REPLACEMENT_BEFORE_ASSESSMENT,WAR-POL-02#4,REPAIR_STATUS_UPDATE@120,50,Repair taking longer than expected
WAR-004,WARRANTY,REPAIR_DELAY,repeat_contact,WARRANTY,,High,P1,0,VERIFY_REPAIR_HISTORY;SEND_STATUS_UPDATE;CHECK_REPLACEMENT_ELIGIBILITY,GUARANTEE_REPLACEMENT_BEFORE_ASSESSMENT,WAR-POL-02#3.2;WAR-POL-02#4,REPAIR_STATUS_UPDATE@48,60,Repair delay chased again: check if 15-day limit exceeded
WAR-005,WARRANTY,REPEATED_REPAIR,,WARRANTY,,High,P1,0,VERIFY_REPAIR_HISTORY;CHECK_REPLACEMENT_ELIGIBILITY,GUARANTEE_REPLACEMENT_BEFORE_ASSESSMENT,WAR-POL-02#3.2;WAR-POL-02#3.3,REPLACEMENT_STATUS_UPDATE@48,50,Same fault repaired twice: replacement may be due
ACC-000,ACCOUNT,,,ACCOUNT_SECURITY,,Medium,P2,0,VERIFY_ACCOUNT,,ACC-POL-01#2,RESOLUTION_CONFIRMATION@48,10,Default handling for account complaints
ACC-001,ACCOUNT,LOGIN_ISSUE,,ACCOUNT_SECURITY,,Low,P3,0,VERIFY_ACCOUNT;RESET_ACCOUNT_ACCESS,,ACC-POL-01#2,RESOLUTION_CONFIRMATION@48,50,Cannot log in
ACC-002,ACCOUNT,ACCOUNT_LOCKED,,ACCOUNT_SECURITY,,Medium,P2,0,VERIFY_ACCOUNT;RESET_ACCOUNT_ACCESS,,ACC-POL-01#3,RESOLUTION_CONFIRMATION@24,50,Locked account: unlock after identity verification
ACC-003,ACCOUNT,UNAUTHORIZED_ACCESS,,ACCOUNT_SECURITY,PRIVACY_COMPLIANCE,Critical,P0,4,VERIFY_ACCOUNT;SECURE_ACCOUNT;OPEN_SECURITY_INCIDENT;ESCALATE_TO_COMPLIANCE,PROMISE_REFUND_BEFORE_VERIFICATION,ACC-POL-01#4;ESC-PRC-01#3.2,ESCALATION_ACKNOWLEDGEMENT@4,50,Unauthorised access: secure account and compliance review
TEC-000,TECHNICAL_SUPPORT,,,TECH_SUPPORT,,Low,P3,0,PROVIDE_TROUBLESHOOTING,,TEC-GDE-01#1,RESOLUTION_CONFIRMATION@72,10,Default handling for technical support
TEC-001,TECHNICAL_SUPPORT,SETUP_ASSISTANCE,,TECH_SUPPORT,,Low,P3,0,PROVIDE_TROUBLESHOOTING,,TEC-GDE-01#1,RESOLUTION_CONFIRMATION@72,50,Setup help
TEC-002,TECHNICAL_SUPPORT,SOFTWARE_UPDATE_ISSUE,,TECH_SUPPORT,,Medium,P2,0,PROVIDE_TROUBLESHOOTING;VERIFY_ORDER,GUARANTEE_REPLACEMENT_BEFORE_ASSESSMENT,TEC-GDE-01#2,RESOLUTION_CONFIRMATION@48,50,Failed software or firmware update
TEC-003,TECHNICAL_SUPPORT,SOFTWARE_UPDATE_ISSUE,repeat_contact,TECH_SUPPORT,WARRANTY,Medium,P2,3,PROVIDE_TROUBLESHOOTING;ESCALATE_TO_SPECIALIST,GUARANTEE_REPLACEMENT_BEFORE_ASSESSMENT,TEC-GDE-01#4,RESOLUTION_CONFIRMATION@48,60,Update problem persists after troubleshooting: Level 2 specialist
TEC-004,TECHNICAL_SUPPORT,CONNECTIVITY_ISSUE,,TECH_SUPPORT,,Low,P3,0,PROVIDE_TROUBLESHOOTING,,TEC-GDE-01#3,RESOLUTION_CONFIRMATION@72,50,Wi-Fi or Bluetooth problem
TEC-005,TECHNICAL_SUPPORT,CONNECTIVITY_ISSUE,repeat_contact,TECH_SUPPORT,,Medium,P2,3,PROVIDE_TROUBLESHOOTING;ESCALATE_TO_SPECIALIST,,TEC-GDE-01#4,RESOLUTION_CONFIRMATION@48,60,Connectivity problem persists: Level 2 specialist
PRV-000,PRIVACY,,,PRIVACY_COMPLIANCE,,High,P1,0,VERIFY_ACCOUNT,DISCUSS_LIABILITY,PRV-POL-01#6,RESOLUTION_CONFIRMATION@48,10,Default handling for privacy complaints
PRV-001,PRIVACY,DATA_EXPOSURE,,PRIVACY_COMPLIANCE,ACCOUNT_SECURITY,Critical,P0,4,OPEN_PRIVACY_INCIDENT;ESCALATE_TO_COMPLIANCE;VERIFY_ACCOUNT,DISCUSS_LIABILITY,PRV-POL-01#3;ESC-PRC-01#3.2,ESCALATION_ACKNOWLEDGEMENT@4,50,Personal data exposed: privacy incident within 1 hour
PRV-002,PRIVACY,MARKETING_CONSENT,,PRIVACY_COMPLIANCE,,Medium,P2,0,UPDATE_MARKETING_CONSENT;APOLOGISE,,PRV-POL-01#4,RESOLUTION_CONFIRMATION@48,50,Marketing without consent: remove within 48 hours
PRV-003,PRIVACY,DATA_DELETION_REQUEST,,PRIVACY_COMPLIANCE,,Medium,P2,0,VERIFY_ACCOUNT;PROCESS_DATA_DELETION,,PRV-POL-01#5,RESOLUTION_CONFIRMATION@72,50,Data deletion request: complete within 30 days
PRV-004,PRIVACY,DATA_DELETION_REQUEST,repeat_contact,PRIVACY_COMPLIANCE,,High,P1,4,VERIFY_ACCOUNT;PROCESS_DATA_DELETION;ESCALATE_TO_COMPLIANCE,,PRV-POL-01#5;ESC-PRC-01#3.2,ESCALATION_ACKNOWLEDGEMENT@24,60,Ignored deletion request: compliance review
SAF-000,SAFETY,,,PRODUCT_SAFETY,MGMT_ESCALATIONS,Critical,P0,5,ADVISE_STOP_USING_PRODUCT;OPEN_SAFETY_INCIDENT;ESCALATE_TO_CRITICAL_MANAGEMENT,DISCUSS_LIABILITY;GUARANTEE_REPLACEMENT_BEFORE_ASSESSMENT,SAF-SOP-01#2;ESC-PRC-01#3.1,ESCALATION_ACKNOWLEDGEMENT@2,10,Default handling for safety complaints
SAF-001,SAFETY,OVERHEATING_BATTERY,,PRODUCT_SAFETY,MGMT_ESCALATIONS,Critical,P0,5,ADVISE_STOP_USING_PRODUCT;OPEN_SAFETY_INCIDENT;ESCALATE_TO_CRITICAL_MANAGEMENT,DISCUSS_LIABILITY;GUARANTEE_REPLACEMENT_BEFORE_ASSESSMENT,SAF-SOP-01#2;SAF-SOP-01#3;ESC-PRC-01#3.1,ESCALATION_ACKNOWLEDGEMENT@2,50,Overheating or swelling battery
SAF-002,SAFETY,ELECTRICAL_HAZARD,,PRODUCT_SAFETY,MGMT_ESCALATIONS,Critical,P0,5,ADVISE_STOP_USING_PRODUCT;OPEN_SAFETY_INCIDENT;ESCALATE_TO_CRITICAL_MANAGEMENT,DISCUSS_LIABILITY;GUARANTEE_REPLACEMENT_BEFORE_ASSESSMENT,SAF-SOP-01#2;SAF-SOP-01#3;ESC-PRC-01#3.1,ESCALATION_ACKNOWLEDGEMENT@2,50,Sparks smoke or electric shock
SAF-003,SAFETY,INJURY_REPORTED,,PRODUCT_SAFETY,MGMT_ESCALATIONS;PRIVACY_COMPLIANCE,Critical,P0,5,ADVISE_STOP_USING_PRODUCT;OPEN_SAFETY_INCIDENT;ESCALATE_TO_CRITICAL_MANAGEMENT;ESCALATE_TO_COMPLIANCE,DISCUSS_LIABILITY;GUARANTEE_REPLACEMENT_BEFORE_ASSESSMENT,SAF-SOP-01#6;ESC-PRC-01#3.1;CPL-GDL-01#3,ESCALATION_ACKNOWLEDGEMENT@2,50,Injury or property damage
SRV-000,SERVICE_QUALITY,,,CUSTOMER_RELATIONS,,Low,P3,0,APOLOGISE,,SRV-POL-01#1,RESOLUTION_CONFIRMATION@72,10,Default handling for service quality
SRV-001,SERVICE_QUALITY,UNRESOLVED_PREVIOUS,,CUSTOMER_RELATIONS,,Medium,P2,0,VERIFY_COMPLAINT_HISTORY;APOLOGISE,,CMP-SOP-01#6,RESOLUTION_CONFIRMATION@48,50,Earlier complaint still unresolved
SRV-002,SERVICE_QUALITY,UNRESOLVED_PREVIOUS,repeat_count >= 2,CUSTOMER_RELATIONS,,High,P1,2,VERIFY_COMPLAINT_HISTORY;APOLOGISE;ESCALATE_TO_MANAGER,,CMP-SOP-01#6;ESC-PRC-01#3.4,RESOLUTION_CONFIRMATION@24,60,Third complaint about the same unresolved issue
SRV-003,SERVICE_QUALITY,POOR_COMMUNICATION,,CUSTOMER_RELATIONS,,Low,P3,0,APOLOGISE;SEND_STATUS_UPDATE,,SRV-POL-01#4,RESOLUTION_CONFIRMATION@72,50,No or poor communication
SRV-004,SERVICE_QUALITY,LONG_WAIT,,CUSTOMER_RELATIONS,,Low,P3,0,APOLOGISE,,SRV-POL-01#4;SLA-AGR-01#2,RESOLUTION_CONFIRMATION@72,50,Long wait for support
STF-000,STAFF_BEHAVIOR,,,CUSTOMER_RELATIONS,,Medium,P2,0,APOLOGISE;RECORD_STAFF_FEEDBACK,,SRV-POL-01#2,RESOLUTION_CONFIRMATION@72,10,Default handling for staff behaviour
STF-001,STAFF_BEHAVIOR,RUDE_STAFF,,CUSTOMER_RELATIONS,,Medium,P2,0,APOLOGISE;RECORD_STAFF_FEEDBACK,,SRV-POL-01#2,RESOLUTION_CONFIRMATION@72,50,Rude or unprofessional staff
STF-002,STAFF_BEHAVIOR,COURIER_MISCONDUCT,,CUSTOMER_RELATIONS,LOGISTICS,Medium,P2,0,APOLOGISE;RECORD_STAFF_FEEDBACK,,SRV-POL-01#3,RESOLUTION_CONFIRMATION@72,50,Courier misconduct
STF-003,STAFF_BEHAVIOR,RUDE_STAFF,repeat_count >= 1,CUSTOMER_RELATIONS,,Medium,P2,1,APOLOGISE;RECORD_STAFF_FEEDBACK;ESCALATE_TO_SUPERVISOR,,SRV-POL-01#2,RESOLUTION_CONFIRMATION@48,60,Repeated staff conduct complaint
