complaint_id,dataset_id,expected_category,genai_category,python_category,genai_department,python_department,genai_urgency,python_urgency,genai_priority,python_priority,genai_escalation,python_escalation,policy_references,match,verification_status,score,explanation
CMP-000575,HO-0102,SAFETY,SAFETY,SAFETY,PRODUCT_SAFETY,PRODUCT_SAFETY,High,Critical,P1,P0,3,5,SAF-SOP-01#6 ESC-PRC-01#3.1 CPL-GDL-01#3,mismatch,needs_review,68.8,"urgency: GenAI High vs Python Critical (Rule matrix) | priority: GenAI P1 vs Python P0 (Rule matrix) | escalation_level: GenAI 3 vs Python 5 (Escalation rules: ESC-002, ESC-003)"
CMP-000002,DS-0038,DELIVERY,DELIVERY,DELIVERY,LOGISTICS,LOGISTICS,High,High,P1,P1,1,1,DEL-POL-04#4.2 DEL-SOP-01#1 DEL-SOP-01#4,match,needs_review,93.8,
CMP-000535,HO-0038,RETURNS_REPLACEMENT,RETURNS_REPLACEMENT,RETURNS_REPLACEMENT,RETURNS,RETURNS,Medium,Medium,P2,P2,0,0,RET-SOP-01#2,match,verified,100.0,
CMP-000586,HO-0085,SAFETY,SAFETY,SAFETY,PRODUCT_SAFETY,PRODUCT_SAFETY,Critical,Critical,P0,P0,5,5,SAF-SOP-01#2 SAF-SOP-01#3 ESC-PRC-01#3.1,mismatch,needs_review,98.4,subcategory: GenAI OVERHEATING_BATTERY vs Python ELECTRICAL_HAZARD (Rule matrix)
CMP-000552,HO-0022,BILLING,BILLING,BILLING,BILLING,BILLING,Medium,Medium,P2,P2,0,0,BIL-POL-01#4,match,verified,100.0,
CMP-000591,HO-0086,PRODUCT_DEFECT,PRODUCT_DEFECT,PRODUCT_DEFECT,WARRANTY,RETURNS,Medium,Medium,P2,P2,0,0,WAR-POL-02#3.1,mismatch,needs_review,91.1,department: GenAI WARRANTY vs Python RETURNS (Rules: PRD-003)
CMP-000592,HO-0029,REFUND,REFUND,REFUND,RETURNS,RETURNS,Medium,Medium,P2,P2,0,0,REF-POL-01#2 REF-POL-01#6,match,verified,100.0,
CMP-000583,HO-0084,DELIVERY,DELIVERY,DELIVERY,LOGISTICS,LOGISTICS,Low,High,P3,P1,0,2,DEL-POL-04#4.1 ESC-PRC-01#3.5 DEL-POL-04#5.1 DEL-POL-04#5.3 ESC-PRC-01#3.6,mismatch,needs_review,65.6,"urgency: GenAI Low vs Python High (Rule matrix) | priority: GenAI P3 vs Python P1 (Rule matrix) | escalation_level: GenAI 0 vs Python 2 (Escalation rules: ESC-012, ESC-026)"
CMP-000579,HO-0103,ACCOUNT,ACCOUNT,ACCOUNT,ACCOUNT_SECURITY,ACCOUNT_SECURITY,Medium,Low,P2,P3,0,0,ACC-POL-01#2,mismatch,corrected,92.3,urgency: GenAI Medium vs Python Low (Rule matrix) | priority: GenAI P2 vs Python P3 (Rule matrix)
CMP-000572,HO-0044,WARRANTY,WARRANTY,WARRANTY,WARRANTY,RETURNS,High,High,P1,P1,1,3,WAR-POL-02#3.2 WAR-POL-02#3.3 WAR-POL-02#3.1 ESC-PRC-01#3.5,mismatch,needs_review,65.0,"department: GenAI WARRANTY vs Python RETURNS (Rules: WAR-005, PRD-003, ESC-012, ESC-016) | escalation_level: GenAI 1 vs Python 3 (Escalation rules: ESC-012, ESC-016)"
CMP-000569,HO-0082,BILLING,BILLING,BILLING,BILLING,BILLING,Medium,Medium,P2,P2,1,1,BIL-POL-01#3 CMP-SOP-01#3,match,needs_review,85.8,
CMP-000633,HO-0074,SERVICE_QUALITY,SERVICE_QUALITY,SERVICE_QUALITY,CUSTOMER_RELATIONS,CUSTOMER_RELATIONS,Medium,Medium,P2,P2,0,0,SRV-POL-01#4 CMP-SOP-01#6,match,needs_review,94.6,
CMP-000603,HO-0069,SAFETY,SAFETY,SAFETY,PRODUCT_SAFETY,PRODUCT_SAFETY,Critical,Critical,P0,P0,5,5,SAF-SOP-01#6 ESC-PRC-01#3.1 CPL-GDL-01#3 SAF-SOP-01#2,match,needs_review,85.9,
CMP-000626,HO-0016,PRODUCT_DEFECT,PRODUCT_DEFECT,PRODUCT_DEFECT,RETURNS,RETURNS,Medium,Medium,P2,P2,0,0,RET-SOP-01#1 REF-POL-01#3,match,verified,99.2,
CMP-000550,HO-0003,DELIVERY,DELIVERY,DELIVERY,LOGISTICS,LOGISTICS,Low,Medium,P3,P2,0,0,DEL-POL-04#4.1,mismatch,corrected,85.0,urgency: GenAI Low vs Python Medium (Rule matrix) | priority: GenAI P3 vs Python P2 (Rule matrix)
CMP-000615,HO-0033,REFUND,REFUND,REFUND,RETURNS,RETURNS,High,Medium,P1,P2,3,0,REF-POL-01#4.1 REF-POL-01#4.2 RET-SOP-01#2,mismatch,corrected,90.6,urgency: GenAI High vs Python Medium (Rule matrix) | priority: GenAI P1 vs Python P2 (Rule matrix) | escalation_level: GenAI 3 vs Python 0 (Escalation rules: none)
CMP-000636,HO-0075,SERVICE_QUALITY,SERVICE_QUALITY,SERVICE_QUALITY,CUSTOMER_RELATIONS,CUSTOMER_RELATIONS,Medium,Low,P2,P3,0,0,SRV-POL-01#4 SLA-AGR-01#2,mismatch,verified,98.2,urgency: GenAI Medium vs Python Low (Rule matrix) | priority: GenAI P2 vs Python P3 (Rule matrix)
CMP-000632,HO-0055,TECHNICAL_SUPPORT,PRODUCT_DEFECT,PRODUCT_DEFECT,TECH_SUPPORT,RETURNS,High,Medium,P1,P2,0,0,WAR-POL-02#3.1 WAR-POL-02#1 WAR-POL-02#5,mismatch,needs_review,83.7,"department: GenAI TECH_SUPPORT vs Python RETURNS (Rules: PRD-003, WAR-002) | urgency: GenAI High vs Python Medium (Rule matrix) | priority: GenAI P1 vs Python P2 (Rule matrix)"
CMP-000545,HO-0002,DELIVERY,DELIVERY,DELIVERY,LOGISTICS,LOGISTICS,Low,Medium,P2,P2,0,0,DEL-POL-04#5.2,mismatch,corrected,95.0,urgency: GenAI Low vs Python Medium (Rule matrix)
CMP-000594,HO-0048,ACCOUNT,ACCOUNT,ACCOUNT,ACCOUNT_SECURITY,ACCOUNT_SECURITY,High,Medium,P1,P2,0,0,ACC-POL-01#3,mismatch,verified,98.2,urgency: GenAI High vs Python Medium (Rule matrix) | priority: GenAI P1 vs Python P2 (Rule matrix)
CMP-000567,HO-0063,PRIVACY,PRIVACY,PRIVACY,PRIVACY_COMPLIANCE,PRIVACY_COMPLIANCE,Medium,Medium,P2,P2,0,0,PRV-POL-01#5 ACC-POL-01#3,match,needs_review,87.5,
CMP-000598,HO-0049,ACCOUNT,ACCOUNT,ACCOUNT,ACCOUNT_SECURITY,ACCOUNT_SECURITY,High,Critical,P0,P0,4,4,ACC-POL-01#4 ESC-PRC-01#3.2,mismatch,needs_review,90.6,urgency: GenAI High vs Python Critical (Rule matrix)
CMP-000620,HO-0053,TECHNICAL_SUPPORT,TECHNICAL_SUPPORT,TECHNICAL_SUPPORT,TECH_SUPPORT,TECH_SUPPORT,Medium,Low,P2,P3,0,0,TEC-GDE-01#1,mismatch,verified,98.2,subcategory: GenAI CONNECTIVITY_ISSUE vs Python SETUP_ASSISTANCE (Rule matrix) | urgency: GenAI Medium vs Python Low (Rule matrix) | priority: GenAI P2 vs Python P3 (Rule matrix)
CMP-000581,HO-0065,SAFETY,SAFETY,SAFETY,PRODUCT_SAFETY,PRODUCT_SAFETY,Critical,Critical,P0,P0,5,5,SAF-SOP-01#2 SAF-SOP-01#3 ESC-PRC-01#3.1,match,needs_review,95.3,
CMP-000614,HO-0090,WARRANTY,WARRANTY,WARRANTY,WARRANTY,RETURNS,Medium,Medium,P2,P2,0,0,WAR-POL-02#1 WAR-POL-02#5 WAR-POL-02#3.1 CMP-SOP-01#6,mismatch,corrected,91.1,"department: GenAI WARRANTY vs Python RETURNS (Rules: WAR-002, PRD-003, SRV-001)"
CMP-000624,HO-0034,RETURNS_REPLACEMENT,RETURNS_REPLACEMENT,RETURNS_REPLACEMENT,RETURNS,RETURNS,Low,Medium,P3,P2,0,1,RET-SOP-01#4 ESC-PRC-01#3.6 CMP-SOP-01#3,mismatch,needs_review,76.7,urgency: GenAI Low vs Python Medium (Rule matrix) | priority: GenAI P3 vs Python P2 (Rule matrix) | escalation_level: GenAI 0 vs Python 1 (Escalation rules: ESC-014)
CMP-000557,HO-0099,DELIVERY,DELIVERY,DELIVERY,LOGISTICS,LOGISTICS,Medium,Medium,P2,P2,0,0,DEL-POL-04#6 WAR-POL-02#3.1,match,needs_review,86.7,
CMP-000534,HO-0095,TECHNICAL_SUPPORT,TECHNICAL_SUPPORT,TECHNICAL_SUPPORT,TECH_SUPPORT,TECH_SUPPORT,Medium,Low,P2,P3,0,0,TEC-GDE-01#3,mismatch,needs_review,90.4,urgency: GenAI Medium vs Python Low (Rule matrix) | priority: GenAI P2 vs Python P3 (Rule matrix)
CMP-000590,HO-0010,PRODUCT_DEFECT,PRODUCT_DEFECT,PRODUCT_DEFECT,WARRANTY,RETURNS,Medium,Medium,P2,P2,0,0,REF-POL-01#3,mismatch,needs_review,86.7,department: GenAI WARRANTY vs Python RETURNS (Rules: PRD-001)
CMP-000571,HO-0101,WARRANTY,WARRANTY,WARRANTY,WARRANTY,RETURNS,High,Medium,P1,P2,1,0,WAR-POL-02#4 RET-SOP-01#5 SRV-POL-01#4,mismatch,corrected,86.5,"department: GenAI WARRANTY vs Python RETURNS (Rules: WAR-003, RET-002, SRV-003) | urgency: GenAI High vs Python Medium (Rule matrix) | priority: GenAI P1 vs Python P2 (Rule matrix) | escalation_level: GenAI 1 vs Python 0 (Escalation rules: none)"
CMP-000559,HO-0061,PRIVACY,PRIVACY,PRIVACY,PRIVACY_COMPLIANCE,PRIVACY_COMPLIANCE,Medium,Medium,P2,P2,0,0,PRV-POL-01#4,match,needs_review,93.8,
CMP-000541,HO-0001,DELIVERY,DELIVERY,DELIVERY,LOGISTICS,LOGISTICS,High,Medium,P1,P2,0,0,DEL-POL-04#4.1 SRV-POL-01#4,mismatch,corrected,96.2,urgency: GenAI High vs Python Medium (Rule matrix) | priority: GenAI P1 vs Python P2 (Rule matrix)
CMP-000605,HO-0088,PRIVACY,PRIVACY,PRIVACY,PRIVACY_COMPLIANCE,PRIVACY_COMPLIANCE,High,Critical,P1,P0,4,4,PRV-POL-01#3 ESC-PRC-01#3.2,mismatch,needs_review,76.6,urgency: GenAI High vs Python Critical (Rule matrix) | priority: GenAI P1 vs Python P0 (Rule matrix)
CMP-000611,HO-0032,REFUND,PRODUCT_DEFECT,PRODUCT_DEFECT,RETURNS,RETURNS,Medium,Medium,P2,P2,0,0,REF-POL-01#3 REF-POL-01#5,match,needs_review,89.3,
CMP-000556,HO-0023,BILLING,BILLING,BILLING,BILLING,BILLING,Medium,Medium,P2,P2,0,0,CAN-POL-01#4,match,verified,100.0,
CMP-000631,HO-0036,RETURNS_REPLACEMENT,RETURNS_REPLACEMENT,RETURNS_REPLACEMENT,RETURNS,RETURNS,High,Medium,P1,P2,1,0,RET-SOP-01#5 WAR-POL-02#3.1,mismatch,needs_review,86.5,urgency: GenAI High vs Python Medium (Rule matrix) | priority: GenAI P1 vs Python P2 (Rule matrix) | escalation_level: GenAI 1 vs Python 0 (Escalation rules: none)
CMP-000606,HO-0031,REFUND,REFUND,REFUND,RETURNS,RETURNS,Medium,High,P2,P1,2,2,REF-POL-01#5 ESC-PRC-01#3.5,mismatch,needs_review,75.0,urgency: GenAI Medium vs Python High (Rule matrix) | priority: GenAI P2 vs Python P1 (Rule matrix)
CMP-000007,DS-0307,SAFETY,SAFETY,SAFETY,PRODUCT_SAFETY,PRODUCT_SAFETY,Critical,Critical,P0,P0,3,5,SAF-SOP-01#2 SAF-SOP-01#3 ESC-PRC-01#3.1,mismatch,needs_review,85.2,"escalation_level: GenAI 3 vs Python 5 (Escalation rules: ESC-001, ESC-003)"
CMP-000613,HO-0051,ACCOUNT,ACCOUNT,ACCOUNT,ACCOUNT_SECURITY,ACCOUNT_SECURITY,High,Medium,P1,P2,0,0,ACC-POL-01#3,mismatch,corrected,92.9,urgency: GenAI High vs Python Medium (Rule matrix) | priority: GenAI P1 vs Python P2 (Rule matrix)
CMP-000554,HO-0041,WARRANTY,PRODUCT_DEFECT,PRODUCT_DEFECT,WARRANTY,RETURNS,Medium,Medium,P2,P2,0,0,WAR-POL-02#3.1 WAR-POL-02#1 WAR-POL-02#5,mismatch,corrected,92.0,"department: GenAI WARRANTY vs Python RETURNS (Rules: PRD-003, WAR-002)"
CMP-000006,DS-0266,TECHNICAL_SUPPORT,PRODUCT_DEFECT,PRODUCT_DEFECT,TECH_SUPPORT,WARRANTY,High,Medium,P1,P2,0,0,WAR-POL-02#3.2 WAR-POL-02#5 TEC-GDE-01#2,mismatch,corrected,85.7,"department: GenAI TECH_SUPPORT vs Python WARRANTY (Rules: PRD-004, TEC-002) | urgency: GenAI High vs Python Medium (Rule matrix) | priority: GenAI P1 vs Python P2 (Rule matrix)"
CMP-000634,HO-0017,PRODUCT_DEFECT,PRODUCT_DEFECT,PRODUCT_DEFECT,RETURNS,RETURNS,Medium,Medium,P2,P2,0,0,RET-SOP-01#1 REF-POL-01#3,match,corrected,98.3,
CMP-000607,HO-0107,TECHNICAL_SUPPORT,TECHNICAL_SUPPORT,TECHNICAL_SUPPORT,TECH_SUPPORT,TECH_SUPPORT,Medium,Low,P2,P3,0,0,TEC-GDE-01#1,mismatch,verified,95.2,urgency: GenAI Medium vs Python Low (Rule matrix) | priority: GenAI P2 vs Python P3 (Rule matrix)
CMP-000612,HO-0108,DELIVERY,DELIVERY,DELIVERY,LOGISTICS,LOGISTICS,Medium,Medium,P2,P2,0,0,DEL-POL-04#7 DEL-SOP-01#1,match,corrected,98.2,
CMP-000629,HO-0054,TECHNICAL_SUPPORT,,TECHNICAL_SUPPORT,,TECH_SUPPORT,,Medium,,P2,,0,TEC-GDE-01#2,mismatch,needs_review,0.0,"category: GenAI None vs Python TECHNICAL_SUPPORT (Python keyword evidence: update broke, update) | subcategory: GenAI None vs Python SOFTWARE_UPDATE_ISSUE (Rule matrix) | department: GenAI None vs Python TECH_SUPPORT (Rules: TEC-002) | urgency: GenAI None vs Python Medium (Rule matrix) | priority: GenAI None vs Python P2 (Rule matrix) | escalation_level: GenAI None vs Python 0 (Escalation rules: none)"
CMP-000619,HO-0014,PRODUCT_DEFECT,PRODUCT_DEFECT,PRODUCT_DEFECT,RETURNS,RETURNS,Medium,Low,P2,P3,0,0,REF-POL-01#5,mismatch,corrected,89.4,urgency: GenAI Medium vs Python Low (Rule matrix) | priority: GenAI P2 vs Python P3 (Rule matrix)
CMP-000630,HO-0093,DELIVERY,DELIVERY,DELIVERY,LOGISTICS,LOGISTICS,Medium,High,P1,P1,0,0,DEL-POL-04#4.2 DEL-SOP-01#1,mismatch,needs_review,80.8,urgency: GenAI Medium vs Python High (Rule matrix)
CMP-000536,HO-0057,TECHNICAL_SUPPORT,TECHNICAL_SUPPORT,TECHNICAL_SUPPORT,TECH_SUPPORT,TECH_SUPPORT,Medium,Low,P2,P3,0,0,TEC-GDE-01#3,mismatch,verified,95.5,urgency: GenAI Medium vs Python Low (Rule matrix) | priority: GenAI P2 vs Python P3 (Rule matrix)
CMP-000616,HO-0109,SERVICE_QUALITY,SERVICE_QUALITY,SERVICE_QUALITY,CUSTOMER_RELATIONS,CUSTOMER_RELATIONS,Medium,Low,P2,P3,1,0,SRV-POL-01#4 SLA-AGR-01#2,mismatch,verified,96.9,urgency: GenAI Medium vs Python Low (Rule matrix) | priority: GenAI P2 vs Python P3 (Rule matrix) | escalation_level: GenAI 1 vs Python 0 (Escalation rules: none)
CMP-000608,HO-0070,SAFETY,SAFETY,SAFETY,PRODUCT_SAFETY,PRODUCT_SAFETY,Critical,Critical,P0,P0,3,5,SAF-SOP-01#2 SAF-SOP-01#3 ESC-PRC-01#3.1,mismatch,needs_review,84.4,"escalation_level: GenAI 3 vs Python 5 (Escalation rules: ESC-001, ESC-003)"
CMP-000538,HO-0096,RETURNS_REPLACEMENT,RETURNS_REPLACEMENT,RETURNS_REPLACEMENT,RETURNS,RETURNS,Low,Medium,P3,P2,0,0,RET-SOP-01#4,mismatch,corrected,85.0,urgency: GenAI Low vs Python Medium (Rule matrix) | priority: GenAI P3 vs Python P2 (Rule matrix)
CMP-000588,HO-0104,PRIVACY,PRIVACY,PRIVACY,PRIVACY_COMPLIANCE,PRIVACY_COMPLIANCE,Critical,Critical,P0,P0,4,4,PRV-POL-01#3 ESC-PRC-01#3.2,match,needs_review,87.5,
CMP-000003,DS-0114,PRODUCT_DEFECT,PRODUCT_DEFECT,PRODUCT_DEFECT,RETURNS,RETURNS,Medium,Medium,P2,P2,0,0,RET-SOP-01#1 REF-POL-01#3,match,corrected,98.3,
CMP-000008,DS-0404,REFUND,REFUND,REFUND,RETURNS,RETURNS,High,High,P1,P1,4,4,REF-POL-01#4.1 REF-POL-01#4.2 ESC-PRC-01#3.3 CPL-GDL-01#3,mismatch,needs_review,82.0,subcategory: GenAI REFUND_DENIED vs Python REFUND_DELAY (Rule matrix)
CMP-000560,HO-0004,DELIVERY,DELIVERY,DELIVERY,LOGISTICS,LOGISTICS,High,High,P1,P1,0,0,DEL-POL-04#4.2 DEL-SOP-01#1,match,corrected,98.4,
CMP-000574,HO-0026,BILLING,BILLING,BILLING,BILLING,BILLING,Medium,Medium,P2,P2,0,0,PRM-POL-01#3 BIL-POL-01#4,match,needs_review,85.7,
CMP-000568,HO-0006,DELIVERY,DELIVERY,DELIVERY,LOGISTICS,LOGISTICS,High,Medium,P1,P2,0,0,DEL-POL-04#7 DEL-SOP-01#1,mismatch,corrected,96.4,urgency: GenAI High vs Python Medium (Rule matrix) | priority: GenAI P1 vs Python P2 (Rule matrix)
CMP-000599,HO-0068,SAFETY,SAFETY,SAFETY,PRODUCT_SAFETY,PRODUCT_SAFETY,Critical,Critical,P0,P0,5,5,SAF-SOP-01#6 ESC-PRC-01#3.1 CPL-GDL-01#3 SAF-SOP-01#2,match,needs_review,93.8,
CMP-000001,DS-0193,RETURNS_REPLACEMENT,RETURNS_REPLACEMENT,RETURNS_REPLACEMENT,RETURNS,RETURNS,High,Medium,P1,P2,0,0,RET-SOP-01#5 DEL-POL-04#4.1,mismatch,needs_review,86.5,urgency: GenAI High vs Python Medium (Rule matrix) | priority: GenAI P1 vs Python P2 (Rule matrix)
CMP-000623,HO-0091,BILLING,BILLING,BILLING,BILLING,BILLING,Medium,Medium,P2,P2,0,0,BIL-POL-01#4,match,needs_review,91.1,
CMP-000610,HO-0089,PRODUCT_DEFECT,PRODUCT_DEFECT,PRODUCT_DEFECT,RETURNS,RETURNS,High,High,P1,P1,1,4,REF-POL-01#3 ESC-PRC-01#3.3 CPL-GDL-01#3,mismatch,needs_review,85.2,escalation_level: GenAI 1 vs Python 4 (Escalation rules: ESC-009)
CMP-000553,HO-0098,PRODUCT_DEFECT,PRODUCT_DEFECT,PRODUCT_DEFECT,RETURNS,RETURNS,Medium,Medium,P2,P2,0,0,RET-SOP-01#5 REF-POL-01#5 DEL-POL-04#6 WAR-POL-02#3.1,match,corrected,92.9,
CMP-000578,HO-0007,DELIVERY,PRODUCT_DEFECT,DELIVERY,WARRANTY,LOGISTICS,Medium,Medium,P2,P2,0,0,DEL-POL-04#6 WAR-POL-02#3.1,mismatch,needs_review,75.8,category: GenAI PRODUCT_DEFECT vs Python DELIVERY (Python keyword evidence: box crushed) | subcategory: GenAI DEAD_ON_ARRIVAL vs Python DAMAGED_IN_TRANSIT (Rule matrix) | department: GenAI WARRANTY vs Python LOGISTICS (Rules: DEL-010)
CMP-000638,HO-0094,ACCOUNT,ACCOUNT,ACCOUNT,ACCOUNT_SECURITY,ACCOUNT_SECURITY,High,Critical,P1,P0,4,4,ACC-POL-01#4 ESC-PRC-01#3.2,mismatch,needs_review,83.6,urgency: GenAI High vs Python Critical (Rule matrix) | priority: GenAI P1 vs Python P0 (Rule matrix)
CMP-000543,HO-0040,WARRANTY,PRODUCT_DEFECT,WARRANTY,WARRANTY,WARRANTY,Medium,Medium,P2,P2,0,0,WAR-POL-02#1 WAR-POL-02#5,mismatch,corrected,91.7,category: GenAI PRODUCT_DEFECT vs Python WARRANTY (Python keyword evidence: warranty claim refused) | subcategory: GenAI MALFUNCTION_AFTER_USE vs Python WARRANTY_CLAIM_DENIED (Rule matrix)
CMP-000548,HO-0097,SERVICE_QUALITY,SERVICE_QUALITY,SERVICE_QUALITY,CUSTOMER_RELATIONS,CUSTOMER_RELATIONS,Low,Low,P3,P3,0,0,SRV-POL-01#4,match,corrected,92.0,
CMP-000576,HO-0045,WARRANTY,WARRANTY,WARRANTY,WARRANTY,WARRANTY,High,High,P1,P1,1,3,WAR-POL-02#3.2 WAR-POL-02#3.3,mismatch,corrected,85.9,escalation_level: GenAI 1 vs Python 3 (Escalation rules: ESC-016)
CMP-000604,HO-0012,PRODUCT_DEFECT,PRODUCT_DEFECT,PRODUCT_DEFECT,WARRANTY,RETURNS,Medium,Medium,P2,P2,0,0,WAR-POL-02#3.1,mismatch,needs_review,93.8,department: GenAI WARRANTY vs Python RETURNS (Rules: PRD-003)
CMP-000562,HO-0043,WARRANTY,WARRANTY,WARRANTY,WARRANTY,WARRANTY,High,Medium,P1,P2,1,0,WAR-POL-02#4 SRV-POL-01#4,mismatch,verified,95.8,urgency: GenAI High vs Python Medium (Rule matrix) | priority: GenAI P1 vs Python P2 (Rule matrix) | escalation_level: GenAI 1 vs Python 0 (Escalation rules: none)
CMP-000544,HO-0059,PRIVACY,PRIVACY,PRIVACY,PRIVACY_COMPLIANCE,PRIVACY_COMPLIANCE,High,Critical,P1,P0,4,4,PRV-POL-01#3 ESC-PRC-01#3.2,mismatch,needs_review,82.8,urgency: GenAI High vs Python Critical (Rule matrix) | priority: GenAI P1 vs Python P0 (Rule matrix)
CMP-000532,HO-0076,SERVICE_QUALITY,SERVICE_QUALITY,SERVICE_QUALITY,CUSTOMER_RELATIONS,CUSTOMER_RELATIONS,High,Low,P1,P3,2,0,SRV-POL-01#4 SLA-AGR-01#2,mismatch,verified,93.8,urgency: GenAI High vs Python Low (Rule matrix) | priority: GenAI P1 vs Python P3 (Rule matrix) | escalation_level: GenAI 2 vs Python 0 (Escalation rules: none)
CMP-000593,HO-0105,STAFF_BEHAVIOR,STAFF_BEHAVIOR,STAFF_BEHAVIOR,CUSTOMER_RELATIONS,CUSTOMER_RELATIONS,Low,Medium,P3,P2,0,0,SRV-POL-01#2,mismatch,needs_review,83.9,urgency: GenAI Low vs Python Medium (Rule matrix) | priority: GenAI P3 vs Python P2 (Rule matrix)
CMP-000558,HO-0042,WARRANTY,WARRANTY,WARRANTY,WARRANTY,WARRANTY,High,Medium,P1,P2,3,0,WAR-POL-02#4,mismatch,verified,97.1,urgency: GenAI High vs Python Medium (Rule matrix) | priority: GenAI P1 vs Python P2 (Rule matrix) | escalation_level: GenAI 3 vs Python 0 (Escalation rules: none)
CMP-000009,DS-0453,BILLING,BILLING,REFUND,BILLING,RETURNS,Medium,Medium,P2,P2,0,0,REF-POL-01#4.1 REF-POL-01#4.2,mismatch,needs_review,78.3,"category: GenAI BILLING vs Python REFUND (Python keyword evidence: refund is missing, refund) | subcategory: GenAI INCORRECT_CHARGE vs Python REFUND_DELAY (Rule matrix) | department: GenAI BILLING vs Python RETURNS (Rules: REF-001)"
CMP-000602,HO-0050,ACCOUNT,ACCOUNT,ACCOUNT,ACCOUNT_SECURITY,ACCOUNT_SECURITY,Critical,Critical,P0,P0,4,4,ACC-POL-01#4 ESC-PRC-01#3.2,match,needs_review,99.2,
CMP-000547,HO-0021,BILLING,BILLING,BILLING,BILLING,BILLING,Medium,Medium,P2,P2,0,0,BIL-POL-01#4,match,needs_review,85.0,
CMP-000596,HO-0030,REFUND,REFUND,REFUND,RETURNS,RETURNS,Medium,Medium,P2,P2,0,0,REF-POL-01#2 REF-POL-01#6,match,needs_review,86.7,
CMP-000551,HO-0079,STAFF_BEHAVIOR,DELIVERY,STAFF_BEHAVIOR,CUSTOMER_RELATIONS,CUSTOMER_RELATIONS,High,Medium,P1,P2,1,0,SRV-POL-01#3,mismatch,verified,93.3,"category: GenAI DELIVERY vs Python STAFF_BEHAVIOR (Python keyword evidence: courier threw, over the gate) | subcategory: GenAI DAMAGED_IN_TRANSIT vs Python COURIER_MISCONDUCT (Rule matrix) | urgency: GenAI High vs Python Medium (Rule matrix) | priority: GenAI P1 vs Python P2 (Rule matrix) | escalation_level: GenAI 1 vs Python 0 (Escalation rules: none)"
CMP-000561,HO-0100,BILLING,BILLING,BILLING,BILLING,BILLING,High,Medium,P1,P2,0,0,CAN-POL-01#3 CAN-POL-01#4 REF-POL-01#4.1 REF-POL-01#4.2 RET-SOP-01#2,mismatch,needs_review,86.5,urgency: GenAI High vs Python Medium (Rule matrix) | priority: GenAI P1 vs Python P2 (Rule matrix)
CMP-000533,HO-0019,BILLING,BILLING,BILLING,BILLING,BILLING,High,Medium,P1,P2,0,0,BIL-POL-01#3,mismatch,needs_review,88.4,urgency: GenAI High vs Python Medium (Rule matrix) | priority: GenAI P1 vs Python P2 (Rule matrix)
CMP-000539,HO-0039,RETURNS_REPLACEMENT,RETURNS_REPLACEMENT,RETURNS_REPLACEMENT,RETURNS,RETURNS,High,Medium,P1,P2,1,1,RET-SOP-01#2,mismatch,verified,97.3,urgency: GenAI High vs Python Medium (Rule matrix) | priority: GenAI P1 vs Python P2 (Rule matrix)
CMP-000600,HO-0011,PRODUCT_DEFECT,PRODUCT_DEFECT,PRODUCT_DEFECT,RETURNS,RETURNS,Medium,Medium,P2,P2,0,0,REF-POL-01#3 RET-SOP-01#2,match,corrected,93.8,
CMP-000584,HO-0027,REFUND,REFUND,REFUND,RETURNS,BILLING,High,Medium,P1,P2,3,0,REF-POL-01#4.2 SRV-POL-01#4,mismatch,corrected,87.5,"department: GenAI RETURNS vs Python BILLING (Rules: REF-002, SRV-003) | urgency: GenAI High vs Python Medium (Rule matrix) | priority: GenAI P1 vs Python P2 (Rule matrix) | escalation_level: GenAI 3 vs Python 0 (Escalation rules: none)"
CMP-000589,HO-0047,ACCOUNT,ACCOUNT,ACCOUNT,ACCOUNT_SECURITY,ACCOUNT_SECURITY,High,Medium,P1,P2,0,0,ACC-POL-01#3,mismatch,verified,98.1,urgency: GenAI High vs Python Medium (Rule matrix) | priority: GenAI P1 vs Python P2 (Rule matrix)
CMP-000587,HO-0028,REFUND,REFUND,REFUND,RETURNS,RETURNS,Medium,Medium,P1,P2,0,0,REF-POL-01#4.1 REF-POL-01#4.2,mismatch,verified,99.1,priority: GenAI P1 vs Python P2 (Rule matrix)
CMP-000627,HO-0092,REFUND,REFUND,REFUND,RETURNS,RETURNS,High,High,P1,P1,3,0,REF-POL-01#4.1 REF-POL-01#4.2 DEL-POL-04#4.2 DEL-POL-04#5.2 DEL-SOP-01#1,mismatch,needs_review,84.8,escalation_level: GenAI 3 vs Python 0 (Escalation rules: none)
CMP-000609,HO-0013,PRODUCT_DEFECT,PRODUCT_DEFECT,PRODUCT_DEFECT,WARRANTY,RETURNS,Medium,Medium,P2,P2,0,0,WAR-POL-02#3.1 WAR-POL-02#1 WAR-POL-02#5,mismatch,corrected,91.1,"department: GenAI WARRANTY vs Python RETURNS (Rules: PRD-003, WAR-002)"
CMP-000004,DS-0024,DELIVERY,DELIVERY,DELIVERY,LOGISTICS,LOGISTICS,Low,Medium,P2,P2,0,0,DEL-POL-04#5.2,mismatch,corrected,93.3,urgency: GenAI Low vs Python Medium (Rule matrix)
CMP-000617,HO-0052,TECHNICAL_SUPPORT,TECHNICAL_SUPPORT,TECHNICAL_SUPPORT,TECH_SUPPORT,TECH_SUPPORT,Medium,Low,P2,P3,0,0,TEC-GDE-01#1,mismatch,needs_review,92.9,urgency: GenAI Medium vs Python Low (Rule matrix) | priority: GenAI P2 vs Python P3 (Rule matrix)
CMP-000625,HO-0073,SERVICE_QUALITY,SERVICE_QUALITY,SERVICE_QUALITY,CUSTOMER_RELATIONS,RETURNS,Medium,Medium,P2,P2,1,0,SRV-POL-01#4 RET-SOP-01#5 REF-POL-01#4.1 REF-POL-01#4.2,mismatch,needs_review,89.4,"department: GenAI CUSTOMER_RELATIONS vs Python RETURNS (Rules: SRV-003, RET-002, REF-001) | escalation_level: GenAI 1 vs Python 0 (Escalation rules: none)"
CMP-000542,HO-0077,STAFF_BEHAVIOR,STAFF_BEHAVIOR,STAFF_BEHAVIOR,CUSTOMER_RELATIONS,CUSTOMER_RELATIONS,Low,Medium,P3,P2,1,0,SRV-POL-01#2,mismatch,corrected,85.7,urgency: GenAI Low vs Python Medium (Rule matrix) | priority: GenAI P3 vs Python P2 (Rule matrix) | escalation_level: GenAI 1 vs Python 0 (Escalation rules: none)
CMP-000564,HO-0005,DELIVERY,DELIVERY,DELIVERY,LOGISTICS,LOGISTICS,High,Medium,P1,P2,0,0,DEL-POL-04#6 DEL-POL-04#4.1,mismatch,needs_review,82.7,urgency: GenAI High vs Python Medium (Rule matrix) | priority: GenAI P1 vs Python P2 (Rule matrix)
CMP-000628,HO-0035,RETURNS_REPLACEMENT,RETURNS_REPLACEMENT,RETURNS_REPLACEMENT,RETURNS,RETURNS,Medium,Medium,P2,P2,0,0,RET-SOP-01#4,match,corrected,95.0,
CMP-000622,HO-0015,PRODUCT_DEFECT,PRODUCT_DEFECT,PRODUCT_DEFECT,RETURNS,RETURNS,Medium,Low,P2,P3,0,0,REF-POL-01#5,mismatch,corrected,89.4,urgency: GenAI Medium vs Python Low (Rule matrix) | priority: GenAI P2 vs Python P3 (Rule matrix)
CMP-000618,HO-0071,SERVICE_QUALITY,BILLING,BILLING,BILLING,BILLING,Medium,Medium,P1,P2,1,0,BIL-POL-01#3,mismatch,verified,98.1,priority: GenAI P1 vs Python P2 (Rule matrix) | escalation_level: GenAI 1 vs Python 0 (Escalation rules: none)
CMP-000573,HO-0083,REFUND,REFUND,REFUND,RETURNS,RETURNS,Medium,Medium,P2,P2,0,0,REF-POL-01#2 REF-POL-01#6 RET-SOP-01#4,match,verified,100.0,
CMP-000537,HO-0020,BILLING,BILLING,BILLING,BILLING,BILLING,High,Medium,P1,P2,0,0,BIL-POL-01#3,mismatch,verified,97.3,urgency: GenAI High vs Python Medium (Rule matrix) | priority: GenAI P1 vs Python P2 (Rule matrix)
CMP-000639,HO-0037,RETURNS_REPLACEMENT,RETURNS_REPLACEMENT,RETURNS_REPLACEMENT,RETURNS,RETURNS,Medium,High,P2,P1,0,2,RET-SOP-01#5 SRV-POL-01#4 ESC-PRC-01#3.5,mismatch,needs_review,62.5,urgency: GenAI Medium vs Python High (Rule matrix) | priority: GenAI P2 vs Python P1 (Rule matrix) | escalation_level: GenAI 0 vs Python 2 (Escalation rules: ESC-012)
CMP-000570,HO-0025,BILLING,BILLING,BILLING,BILLING,BILLING,Medium,Low,P2,P3,0,0,PRM-POL-01#3,mismatch,needs_review,80.8,urgency: GenAI Medium vs Python Low (Rule matrix) | priority: GenAI P2 vs Python P3 (Rule matrix)
CMP-000637,HO-0018,PRODUCT_DEFECT,PRODUCT_DEFECT,PRODUCT_DEFECT,WARRANTY,RETURNS,Medium,Medium,P2,P2,0,0,WAR-POL-02#3.1,mismatch,needs_review,90.0,department: GenAI WARRANTY vs Python RETURNS (Rules: PRD-003)
CMP-000546,HO-0078,STAFF_BEHAVIOR,STAFF_BEHAVIOR,STAFF_BEHAVIOR,CUSTOMER_RELATIONS,CUSTOMER_RELATIONS,Low,Medium,P3,P2,1,0,SRV-POL-01#2,mismatch,corrected,84.6,urgency: GenAI Low vs Python Medium (Rule matrix) | priority: GenAI P3 vs Python P2 (Rule matrix) | escalation_level: GenAI 1 vs Python 0 (Escalation rules: none)
CMP-000597,HO-0106,REFUND,REFUND,REFUND,RETURNS,RETURNS,Medium,Medium,P2,P2,0,0,REF-POL-01#2 REF-POL-01#6 RET-SOP-01#4 REF-POL-01#3,match,corrected,93.8,
CMP-000635,HO-0056,TECHNICAL_SUPPORT,PRODUCT_DEFECT,TECHNICAL_SUPPORT,TECH_SUPPORT,TECH_SUPPORT,Medium,Low,P2,P3,0,0,TEC-GDE-01#3,mismatch,verified,92.0,category: GenAI PRODUCT_DEFECT vs Python TECHNICAL_SUPPORT (Python keyword evidence: wi-fi) | subcategory: GenAI MALFUNCTION_AFTER_USE vs Python CONNECTIVITY_ISSUE (Rule matrix) | urgency: GenAI Medium vs Python Low (Rule matrix) | priority: GenAI P2 vs Python P3 (Rule matrix)
CMP-000010,DS-0139,BILLING,BILLING,BILLING,BILLING,BILLING,Medium,Medium,P2,P2,0,0,BIL-POL-01#4,match,needs_review,91.7,
CMP-000555,HO-0080,STAFF_BEHAVIOR,STAFF_BEHAVIOR,STAFF_BEHAVIOR,CUSTOMER_RELATIONS,LOGISTICS,Medium,Medium,P2,P2,0,0,SRV-POL-01#3 DEL-POL-04#4.1,mismatch,corrected,92.0,"department: GenAI CUSTOMER_RELATIONS vs Python LOGISTICS (Rules: STF-002, DEL-002)"
CMP-000595,HO-0067,SAFETY,SAFETY,SAFETY,PRODUCT_SAFETY,PRODUCT_SAFETY,Critical,Critical,P0,P0,5,5,SAF-SOP-01#2 SAF-SOP-01#3 ESC-PRC-01#3.1,mismatch,needs_review,93.8,subcategory: GenAI OVERHEATING_BATTERY vs Python ELECTRICAL_HAZARD (Rule matrix)
CMP-000549,HO-0060,PRIVACY,PRIVACY,PRIVACY,PRIVACY_COMPLIANCE,PRIVACY_COMPLIANCE,High,Medium,P1,P2,0,0,PRV-POL-01#4,mismatch,verified,98.2,urgency: GenAI High vs Python Medium (Rule matrix) | priority: GenAI P1 vs Python P2 (Rule matrix)
CMP-000582,HO-0008,DELIVERY,DELIVERY,DELIVERY,LOGISTICS,RETURNS,High,Medium,P1,P2,0,0,DEL-POL-04#6 WAR-POL-02#3.1 REF-POL-01#3 SRV-POL-01#3,mismatch,corrected,89.4,"department: GenAI LOGISTICS vs Python RETURNS (Rules: DEL-010, PRD-001, STF-002) | urgency: GenAI High vs Python Medium (Rule matrix) | priority: GenAI P1 vs Python P2 (Rule matrix)"
CMP-000580,HO-0046,ACCOUNT,ACCOUNT,ACCOUNT,ACCOUNT_SECURITY,ACCOUNT_SECURITY,High,Low,P1,P3,0,0,ACC-POL-01#2,mismatch,needs_review,92.9,urgency: GenAI High vs Python Low (Rule matrix) | priority: GenAI P1 vs Python P3 (Rule matrix)
CMP-000621,HO-0072,SERVICE_QUALITY,PRODUCT_DEFECT,PRODUCT_DEFECT,WARRANTY,RETURNS,High,Medium,P1,P2,2,0,WAR-POL-02#3.1 CMP-SOP-01#6,mismatch,needs_review,84.4,"department: GenAI WARRANTY vs Python RETURNS (Rules: PRD-003, SRV-001) | urgency: GenAI High vs Python Medium (Rule matrix) | priority: GenAI P1 vs Python P2 (Rule matrix) | escalation_level: GenAI 2 vs Python 0 (Escalation rules: none)"
CMP-000585,HO-0066,SAFETY,SAFETY,SAFETY,PRODUCT_SAFETY,PRODUCT_SAFETY,Critical,Critical,P0,P0,5,5,SAF-SOP-01#2 SAF-SOP-01#3 ESC-PRC-01#3.1,mismatch,needs_review,85.9,subcategory: GenAI ELECTRICAL_HAZARD vs Python OVERHEATING_BATTERY (Rule matrix)
CMP-000577,HO-0064,SAFETY,SAFETY,SAFETY,PRODUCT_SAFETY,PRODUCT_SAFETY,Critical,Critical,P0,P0,3,5,SAF-SOP-01#2 SAF-SOP-01#3 ESC-PRC-01#3.1,mismatch,needs_review,73.4,"escalation_level: GenAI 3 vs Python 5 (Escalation rules: ESC-001, ESC-003)"
CMP-000566,HO-0024,BILLING,BILLING,BILLING,BILLING,BILLING,Medium,Medium,P2,P2,0,0,CAN-POL-01#3 CAN-POL-01#4,match,verified,100.0,
CMP-000565,HO-0081,DELIVERY,DELIVERY,DELIVERY,LOGISTICS,LOGISTICS,Medium,Medium,P2,P2,0,1,DEL-POL-04#5.1 DEL-POL-04#5.2 CMP-SOP-01#3,mismatch,needs_review,70.0,escalation_level: GenAI 0 vs Python 1 (Escalation rules: ESC-015)
CMP-000005,DS-0205,RETURNS_REPLACEMENT,RETURNS_REPLACEMENT,RETURNS_REPLACEMENT,RETURNS,RETURNS,Medium,Medium,P2,P2,0,0,RET-SOP-01#2 SRV-POL-01#4,match,verified,100.0,
CMP-000601,HO-0087,SAFETY,SAFETY,SAFETY,PRODUCT_SAFETY,PRODUCT_SAFETY,Critical,Critical,P0,P0,0,5,SAF-SOP-01#2 SAF-SOP-01#3 ESC-PRC-01#3.1 BIL-POL-01#3 DEL-POL-04#4.1,mismatch,needs_review,85.2,"subcategory: GenAI ELECTRICAL_HAZARD vs Python OVERHEATING_BATTERY (Rule matrix) | escalation_level: GenAI 0 vs Python 5 (Escalation rules: ESC-001, ESC-003)"
CMP-000540,HO-0058,PRIVACY,PRIVACY,PRIVACY,PRIVACY_COMPLIANCE,PRIVACY_COMPLIANCE,Critical,Critical,P0,P0,4,4,PRV-POL-01#3 ESC-PRC-01#3.2,match,needs_review,95.3,
CMP-000563,HO-0062,PRIVACY,PRIVACY,PRIVACY,PRIVACY_COMPLIANCE,PRIVACY_COMPLIANCE,Medium,Medium,P2,P2,0,0,PRV-POL-01#5,match,verified,99.2,
