complaint_id,dataset_id,expected_category,python_category,expected_department,python_department,expected_urgency,python_urgency,expected_priority,python_priority,expected_escalation_level,python_escalation_level,classifier_confidence
CMP-000001,DS-0193,RETURNS_REPLACEMENT,RETURNS_REPLACEMENT,RETURNS,RETURNS,Medium,Medium,P2,P2,0,0,tentative
CMP-000002,DS-0038,DELIVERY,DELIVERY,LOGISTICS,LOGISTICS,High,High,P1,P1,1,1,confident
CMP-000003,DS-0114,PRODUCT_DEFECT,PRODUCT_DEFECT,RETURNS,RETURNS,Medium,Medium,P2,P2,0,0,confident
CMP-000004,DS-0024,DELIVERY,DELIVERY,LOGISTICS,LOGISTICS,Medium,Medium,P2,P2,0,0,confident
CMP-000005,DS-0205,RETURNS_REPLACEMENT,RETURNS_REPLACEMENT,RETURNS,RETURNS,Medium,Medium,P2,P2,0,0,tentative
CMP-000006,DS-0266,TECHNICAL_SUPPORT,PRODUCT_DEFECT,TECH_SUPPORT,WARRANTY,Medium,Medium,P2,P2,0,0,confident
CMP-000007,DS-0307,SAFETY,SAFETY,PRODUCT_SAFETY,PRODUCT_SAFETY,Critical,Critical,P0,P0,5,5,confident
CMP-000008,DS-0404,REFUND,REFUND,RETURNS,RETURNS,High,High,P1,P1,4,4,confident
CMP-000009,DS-0453,BILLING,REFUND,BILLING,RETURNS,Medium,Medium,P2,P2,0,0,confident
CMP-000010,DS-0139,BILLING,BILLING,BILLING,BILLING,Medium,Medium,P2,P2,0,0,confident
CMP-000011,DS-0110,PRODUCT_DEFECT,PRODUCT_DEFECT,RETURNS,RETURNS,Medium,Medium,P2,P2,0,0,confident
CMP-000012,DS-0315,SAFETY,SAFETY,PRODUCT_SAFETY,PRODUCT_SAFETY,Critical,Critical,P0,P0,5,5,confident
CMP-000013,DS-0471,DELIVERY,DELIVERY,LOGISTICS,LOGISTICS,Medium,Medium,P2,P2,1,1,confident
CMP-000014,DS-0314,SAFETY,SAFETY,PRODUCT_SAFETY,PRODUCT_SAFETY,Critical,Critical,P0,P0,5,5,confident
CMP-000015,DS-0492,DELIVERY,DELIVERY,LOGISTICS,LOGISTICS,Medium,Medium,P2,P2,1,1,confident
CMP-000016,DS-0308,SAFETY,SAFETY,PRODUCT_SAFETY,PRODUCT_SAFETY,Critical,Critical,P0,P0,5,5,confident
CMP-000017,DS-0127,BILLING,BILLING,BILLING,BILLING,Medium,Medium,P2,P2,0,0,confident
CMP-000018,DS-0061,DELIVERY,DELIVERY,LOGISTICS,LOGISTICS,Medium,Medium,P2,P2,0,0,confident
CMP-000019,DS-0233,ACCOUNT,ACCOUNT,ACCOUNT_SECURITY,ACCOUNT_SECURITY,Low,Low,P3,P3,0,0,confident
CMP-000020,DS-0383,TECHNICAL_SUPPORT,TECHNICAL_SUPPORT,TECH_SUPPORT,TECH_SUPPORT,Low,Low,P3,P3,0,0,confident
CMP-000021,DS-0091,PRODUCT_DEFECT,PRODUCT_DEFECT,WARRANTY,WARRANTY,Medium,Medium,P2,P2,0,0,confident
CMP-000022,DS-0262,TECHNICAL_SUPPORT,PRODUCT_DEFECT,TECH_SUPPORT,WARRANTY,Medium,Medium,P2,P2,0,0,confident
CMP-000023,DS-0207,WARRANTY,WARRANTY,WARRANTY,WARRANTY,Medium,Medium,P2,P2,0,0,confident
CMP-000024,DS-0463,REFUND,REFUND,RETURNS,RETURNS,Medium,Medium,P2,P2,1,1,tentative
CMP-000025,DS-0201,RETURNS_REPLACEMENT,RETURNS_REPLACEMENT,RETURNS,RETURNS,Medium,Medium,P2,P2,0,0,tentative
CMP-000026,DS-0159,REFUND,REFUND,RETURNS,RETURNS,Medium,Medium,P2,P2,0,0,confident
CMP-000027,DS-0117,PRODUCT_DEFECT,PRODUCT_DEFECT,RETURNS,RETURNS,Medium,Medium,P2,P2,0,0,confident
CMP-000028,DS-0286,PRIVACY,PRIVACY,PRIVACY_COMPLIANCE,PRIVACY_COMPLIANCE,Critical,Critical,P0,P0,4,4,confident
CMP-000029,DS-0196,RETURNS_REPLACEMENT,RETURNS_REPLACEMENT,RETURNS,RETURNS,Medium,Medium,P2,P2,0,0,confident
CMP-000030,DS-0200,RETURNS_REPLACEMENT,RETURNS_REPLACEMENT,RETURNS,RETURNS,Medium,Medium,P2,P2,0,0,confident
CMP-000031,DS-0316,SAFETY,SAFETY,PRODUCT_SAFETY,PRODUCT_SAFETY,Critical,Critical,P0,P0,5,5,confident
CMP-000032,DS-0337,SERVICE_QUALITY,SERVICE_QUALITY,CUSTOMER_RELATIONS,CUSTOMER_RELATIONS,Medium,Medium,P2,P2,0,0,confident
CMP-000033,DS-0215,WARRANTY,WARRANTY,WARRANTY,WARRANTY,Medium,Medium,P2,P2,0,0,confident
CMP-000034,DS-0238,ACCOUNT,ACCOUNT,ACCOUNT_SECURITY,ACCOUNT_SECURITY,Medium,Medium,P2,P2,0,0,confident
CMP-000035,DS-0414,DELIVERY,DELIVERY,LOGISTICS,LOGISTICS,Medium,Medium,P2,P2,0,0,confident
CMP-000036,DS-0018,DELIVERY,DELIVERY,LOGISTICS,LOGISTICS,Medium,Medium,P2,P2,0,0,confident
CMP-000037,DS-0210,WARRANTY,WARRANTY,WARRANTY,WARRANTY,Medium,Medium,P2,P2,0,0,confident
CMP-000038,DS-0462,REFUND,REFUND,RETURNS,RETURNS,Medium,Medium,P2,P2,1,1,tentative
CMP-000039,DS-0525,RETURNS_REPLACEMENT,RETURNS_REPLACEMENT,RETURNS,RETURNS,Medium,Medium,P2,P2,0,0,confident
CMP-000040,DS-0234,ACCOUNT,ACCOUNT,ACCOUNT_SECURITY,ACCOUNT_SECURITY,Low,Low,P3,P3,0,0,confident
CMP-000041,DS-0395,PRIVACY,PRIVACY,PRIVACY_COMPLIANCE,PRIVACY_COMPLIANCE,Critical,Critical,P0,P0,4,4,confident
CMP-000042,DS-0399,REFUND,DELIVERY,RETURNS,LOGISTICS,High,High,P1,P1,4,4,confident
CMP-000043,DS-0130,BILLING,BILLING,BILLING,BILLING,Medium,Medium,P2,P2,0,0,confident
CMP-000044,DS-0208,WARRANTY,WARRANTY,WARRANTY,WARRANTY,Medium,Medium,P2,P2,0,0,confident
CMP-000045,DS-0486,REFUND,REFUND,RETURNS,RETURNS,Low,Medium,P3,P2,1,1,tentative
CMP-000046,DS-0333,SERVICE_QUALITY,SERVICE_QUALITY,CUSTOMER_RELATIONS,CUSTOMER_RELATIONS,Low,Low,P3,P3,0,0,confident
CMP-000047,DS-0069,PRODUCT_DEFECT,PRODUCT_DEFECT,RETURNS,RETURNS,Medium,Medium,P2,P2,0,0,confident
CMP-000048,DS-0397,REFUND,DELIVERY,RETURNS,LOGISTICS,High,High,P1,P1,4,4,confident
CMP-000049,DS-0125,BILLING,BILLING,BILLING,BILLING,Medium,Medium,P2,P2,0,0,confident
CMP-000050,DS-0435,PRODUCT_DEFECT,PRODUCT_DEFECT,RETURNS,RETURNS,Medium,Medium,P2,P2,0,0,tentative
CMP-000051,DS-0440,PRODUCT_DEFECT,PRODUCT_DEFECT,RETURNS,RETURNS,Medium,Medium,P2,P2,0,0,tentative
CMP-000052,DS-0133,BILLING,BILLING,BILLING,BILLING,Medium,Medium,P2,P2,0,0,confident
CMP-000053,DS-0041,DELIVERY,DELIVERY,LOGISTICS,LOGISTICS,High,High,P1,P1,1,1,confident
CMP-000054,DS-0135,BILLING,BILLING,BILLING,BILLING,Medium,Medium,P2,P2,0,0,confident
CMP-000055,DS-0101,PRODUCT_DEFECT,PRODUCT_DEFECT,RETURNS,RETURNS,Medium,Medium,P2,P2,0,0,confident
CMP-000056,DS-0391,PRIVACY,PRIVACY,PRIVACY_COMPLIANCE,PRIVACY_COMPLIANCE,Critical,Critical,P0,P0,4,4,confident
CMP-000057,DS-0087,PRODUCT_DEFECT,PRODUCT_DEFECT,WARRANTY,WARRANTY,Medium,Medium,P2,P2,0,0,tentative
CMP-000058,DS-0364,SAFETY,SAFETY,PRODUCT_SAFETY,PRODUCT_SAFETY,Critical,Critical,P0,P0,5,5,confident
CMP-000059,DS-0136,BILLING,BILLING,BILLING,BILLING,Medium,Medium,P2,P2,0,0,confident
CMP-000060,DS-0496,DELIVERY,DELIVERY,LOGISTICS,LOGISTICS,Medium,Medium,P2,P2,1,1,confident
CMP-000061,DS-0326,SAFETY,SAFETY,PRODUCT_SAFETY,PRODUCT_SAFETY,Critical,Critical,P0,P0,5,5,confident
CMP-000062,DS-0329,SERVICE_QUALITY,SERVICE_QUALITY,CUSTOMER_RELATIONS,CUSTOMER_RELATIONS,Low,Low,P3,P3,0,0,confident
CMP-000063,DS-0247,ACCOUNT,ACCOUNT,ACCOUNT_SECURITY,ACCOUNT_SECURITY,Critical,Critical,P0,P0,4,4,confident
CMP-000064,DS-0239,ACCOUNT,ACCOUNT,ACCOUNT_SECURITY,ACCOUNT_SECURITY,Medium,Medium,P2,P2,0,0,confident
CMP-000065,DS-0048,DELIVERY,DELIVERY,LOGISTICS,LOGISTICS,High,High,P1,P1,0,0,confident
CMP-000066,DS-0355,STAFF_BEHAVIOR,STAFF_BEHAVIOR,CUSTOMER_RELATIONS,CUSTOMER_RELATIONS,Medium,Medium,P2,P2,0,0,confident
CMP-000067,DS-0362,STAFF_BEHAVIOR,STAFF_BEHAVIOR,CUSTOMER_RELATIONS,CUSTOMER_RELATIONS,Medium,Medium,P2,P2,0,0,confident
CMP-000068,DS-0476,BILLING,REFUND,BILLING,RETURNS,Low,Medium,P3,P2,0,0,tentative
CMP-000069,DS-0083,PRODUCT_DEFECT,PRODUCT_DEFECT,RETURNS,RETURNS,Medium,Medium,P2,P2,0,0,tentative
CMP-000070,DS-0369,SAFETY,SAFETY,PRODUCT_SAFETY,PRODUCT_SAFETY,Critical,Critical,P0,P0,5,5,confident
CMP-000071,DS-0052,DELIVERY,DELIVERY,LOGISTICS,LOGISTICS,Medium,Medium,P2,P2,0,0,confident
CMP-000072,DS-0396,PRIVACY,PRIVACY,PRIVACY_COMPLIANCE,PRIVACY_COMPLIANCE,Critical,Critical,P0,P0,4,4,confident
CMP-000073,DS-0424,DELIVERY,DELIVERY,RETURNS,RETURNS,Medium,Medium,P2,P2,0,0,confident
CMP-000074,DS-0474,WARRANTY,WARRANTY,WARRANTY,WARRANTY,Medium,Medium,P2,P2,0,0,confident
CMP-000075,DS-0490,REFUND,REFUND,RETURNS,RETURNS,Low,Medium,P3,P2,1,1,tentative
CMP-000076,DS-0128,BILLING,BILLING,BILLING,BILLING,Medium,Medium,P2,P2,0,0,confident
CMP-000077,DS-0009,DELIVERY,DELIVERY,LOGISTICS,LOGISTICS,Medium,Medium,P2,P2,0,0,confident
CMP-000078,DS-0197,RETURNS_REPLACEMENT,RETURNS_REPLACEMENT,RETURNS,RETURNS,Medium,Medium,P2,P2,0,0,tentative
CMP-000079,DS-0426,SAFETY,SAFETY,PRODUCT_SAFETY,PRODUCT_SAFETY,Critical,Critical,P0,P0,5,5,confident
CMP-000080,DS-0214,WARRANTY,WARRANTY,WARRANTY,WARRANTY,Medium,Medium,P2,P2,0,0,confident
CMP-000081,DS-0172,REFUND,REFUND,RETURNS,RETURNS,Medium,Medium,P2,P2,0,0,confident
CMP-000082,DS-0418,DELIVERY,DELIVERY,LOGISTICS,LOGISTICS,Medium,Medium,P2,P2,0,0,confident
CMP-000083,DS-0358,STAFF_BEHAVIOR,STAFF_BEHAVIOR,CUSTOMER_RELATIONS,CUSTOMER_RELATIONS,Medium,Medium,P2,P2,0,0,confident
CMP-000084,DS-0226,WARRANTY,WARRANTY,WARRANTY,WARRANTY,High,High,P1,P1,3,3,confident
CMP-000085,DS-0376,TECHNICAL_SUPPORT,TECHNICAL_SUPPORT,TECH_SUPPORT,TECH_SUPPORT,Low,Low,P3,P3,0,0,confident
CMP-000086,DS-0449,DELIVERY,DELIVERY,LOGISTICS,LOGISTICS,Low,Low,P3,P3,0,0,confident
CMP-000087,DS-0422,DELIVERY,DELIVERY,RETURNS,RETURNS,Medium,Medium,P2,P2,0,0,confident
CMP-000088,DS-0365,SAFETY,SAFETY,PRODUCT_SAFETY,PRODUCT_SAFETY,Critical,Critical,P0,P0,5,5,confident
CMP-000089,DS-0450,DELIVERY,DELIVERY,LOGISTICS,LOGISTICS,Low,Low,P3,P3,0,0,confident
CMP-000090,DS-0296,PRIVACY,PRIVACY,PRIVACY_COMPLIANCE,PRIVACY_COMPLIANCE,Medium,Medium,P2,P2,0,0,confident
CMP-000091,DS-0074,PRODUCT_DEFECT,PRODUCT_DEFECT,RETURNS,RETURNS,Medium,Medium,P2,P2,0,0,confident
CMP-000092,DS-0218,WARRANTY,WARRANTY,WARRANTY,WARRANTY,Medium,Medium,P2,P2,0,0,confident
CMP-000093,DS-0339,SERVICE_QUALITY,SERVICE_QUALITY,CUSTOMER_RELATIONS,CUSTOMER_RELATIONS,Medium,Medium,P2,P2,0,0,confident
CMP-000094,DS-0502,REFUND,REFUND,BILLING,BILLING,Medium,Medium,P2,P2,1,1,tentative
CMP-000095,DS-0147,BILLING,BILLING,BILLING,BILLING,Medium,Medium,P2,P2,0,0,confident
CMP-000096,DS-0222,WARRANTY,WARRANTY,WARRANTY,WARRANTY,Medium,Medium,P2,P2,0,0,confident
CMP-000097,DS-0183,REFUND,REFUND,RETURNS,RETURNS,Medium,Medium,P2,P2,0,0,confident
CMP-000098,DS-0046,DELIVERY,DELIVERY,LOGISTICS,LOGISTICS,High,High,P1,P1,0,0,confident
CMP-000099,DS-0491,REFUND,REFUND,RETURNS,RETURNS,Low,Medium,P3,P2,1,1,tentative
CMP-000100,DS-0265,TECHNICAL_SUPPORT,TECHNICAL_SUPPORT,TECH_SUPPORT,TECH_SUPPORT,Medium,Medium,P2,P2,0,0,confident
CMP-000101,DS-0109,PRODUCT_DEFECT,PRODUCT_DEFECT,RETURNS,RETURNS,Medium,Medium,P2,P2,0,0,confident
CMP-000102,DS-0107,PRODUCT_DEFECT,PRODUCT_DEFECT,RETURNS,RETURNS,Medium,Medium,P2,P2,0,0,confident
CMP-000103,DS-0063,DELIVERY,DELIVERY,LOGISTICS,LOGISTICS,Medium,Medium,P2,P2,0,0,tentative
CMP-000104,DS-0263,TECHNICAL_SUPPORT,TECHNICAL_SUPPORT,TECH_SUPPORT,TECH_SUPPORT,Medium,Medium,P2,P2,0,0,confident
CMP-000105,DS-0398,REFUND,REFUND,RETURNS,RETURNS,High,High,P1,P1,4,4,confident
CMP-000106,DS-0403,REFUND,DELIVERY,RETURNS,LOGISTICS,High,High,P1,P1,4,4,confident
CMP-000107,DS-0047,DELIVERY,DELIVERY,LOGISTICS,LOGISTICS,High,High,P1,P1,0,0,confident
CMP-000108,DS-0217,WARRANTY,WARRANTY,WARRANTY,WARRANTY,Medium,Medium,P2,P2,0,0,tentative
CMP-000109,DS-0401,REFUND,DELIVERY,RETURNS,LOGISTICS,High,High,P1,P1,4,4,confident
CMP-000110,DS-0023,DELIVERY,DELIVERY,LOGISTICS,LOGISTICS,Medium,Medium,P2,P2,0,0,confident
CMP-000111,DS-0447,DELIVERY,DELIVERY,LOGISTICS,LOGISTICS,Low,Low,P3,P3,0,0,confident
CMP-000112,DS-0248,ACCOUNT,ACCOUNT,ACCOUNT_SECURITY,ACCOUNT_SECURITY,Critical,Critical,P0,P0,4,4,confident
CMP-000113,DS-0373,TECHNICAL_SUPPORT,TECHNICAL_SUPPORT,TECH_SUPPORT,TECH_SUPPORT,Low,Low,P3,P3,0,0,confident
CMP-000114,DS-0448,DELIVERY,DELIVERY,LOGISTICS,LOGISTICS,Low,Low,P3,P3,0,0,confident
CMP-000115,DS-0320,SAFETY,SAFETY,PRODUCT_SAFETY,PRODUCT_SAFETY,Critical,Critical,P0,P0,5,5,confident
CMP-000116,DS-0346,SERVICE_QUALITY,SERVICE_QUALITY,CUSTOMER_RELATIONS,CUSTOMER_RELATIONS,Low,Low,P3,P3,0,0,confident
CMP-000117,DS-0290,PRIVACY,PRIVACY,PRIVACY_COMPLIANCE,PRIVACY_COMPLIANCE,Medium,Medium,P2,P2,0,0,confident
CMP-000118,DS-0030,DELIVERY,DELIVERY,LOGISTICS,LOGISTICS,High,High,P1,P1,0,0,confident
CMP-000119,DS-0473,WARRANTY,WARRANTY,WARRANTY,WARRANTY,Medium,Medium,P2,P2,0,0,confident
CMP-000120,DS-0162,REFUND,REFUND,RETURNS,RETURNS,Medium,Medium,P2,P2,0,0,confident
CMP-000121,DS-0040,DELIVERY,DELIVERY,LOGISTICS,LOGISTICS,High,High,P1,P1,1,1,confident
CMP-000122,DS-0076,PRODUCT_DEFECT,PRODUCT_DEFECT,RETURNS,RETURNS,Medium,Medium,P2,P2,0,0,confident
CMP-000123,DS-0468,DELIVERY,DELIVERY,LOGISTICS,LOGISTICS,Medium,Medium,P2,P2,1,1,confident
CMP-000124,DS-0350,STAFF_BEHAVIOR,STAFF_BEHAVIOR,CUSTOMER_RELATIONS,CUSTOMER_RELATIONS,Medium,Medium,P2,P2,0,0,confident
CMP-000125,DS-0129,BILLING,BILLING,BILLING,BILLING,Medium,Medium,P2,P2,0,0,confident
CMP-000126,DS-0311,SAFETY,SAFETY,PRODUCT_SAFETY,PRODUCT_SAFETY,Critical,Critical,P0,P0,5,5,confident
CMP-000127,DS-0156,BILLING,BILLING,BILLING,BILLING,Low,Low,P3,P3,0,0,confident
CMP-000128,DS-0062,DELIVERY,DELIVERY,LOGISTICS,LOGISTICS,Medium,Medium,P2,P2,0,0,confident
CMP-000129,DS-0420,DELIVERY,DELIVERY,RETURNS,RETURNS,Medium,Medium,P2,P2,0,0,confident
CMP-000130,DS-0379,BILLING,BILLING,BILLING,BILLING,Low,Low,P3,P3,0,0,confident
CMP-000131,DS-0498,DELIVERY,DELIVERY,LOGISTICS,LOGISTICS,Medium,Medium,P2,P2,1,1,confident
CMP-000132,DS-0470,DELIVERY,DELIVERY,LOGISTICS,LOGISTICS,Medium,Medium,P2,P2,1,1,confident
CMP-000133,DS-0039,DELIVERY,DELIVERY,LOGISTICS,LOGISTICS,High,High,P1,P1,1,1,confident
CMP-000134,DS-0295,PRIVACY,PRIVACY,PRIVACY_COMPLIANCE,PRIVACY_COMPLIANCE,Medium,Medium,P2,P2,0,0,confident
CMP-000135,DS-0246,ACCOUNT,ACCOUNT,ACCOUNT_SECURITY,ACCOUNT_SECURITY,Critical,Critical,P0,P0,4,4,confident
CMP-000136,DS-0323,SAFETY,SAFETY,PRODUCT_SAFETY,PRODUCT_SAFETY,Critical,Critical,P0,P0,5,5,confident
CMP-000137,DS-0304,SAFETY,SAFETY,PRODUCT_SAFETY,PRODUCT_SAFETY,Critical,Critical,P0,P0,5,5,confident
CMP-000138,DS-0237,ACCOUNT,ACCOUNT,ACCOUNT_SECURITY,ACCOUNT_SECURITY,Medium,Medium,P2,P2,0,0,confident
CMP-000139,DS-0363,SAFETY,SAFETY,PRODUCT_SAFETY,PRODUCT_SAFETY,Critical,Critical,P0,P0,5,5,confident
CMP-000140,DS-0102,PRODUCT_DEFECT,PRODUCT_DEFECT,RETURNS,RETURNS,Medium,Medium,P2,P2,0,0,confident
CMP-000141,DS-0058,DELIVERY,DELIVERY,LOGISTICS,LOGISTICS,Medium,Medium,P2,P2,0,0,confident
CMP-000142,DS-0014,DELIVERY,DELIVERY,LOGISTICS,LOGISTICS,Medium,Medium,P2,P2,0,0,tentative
CMP-000143,DS-0072,PRODUCT_DEFECT,PRODUCT_DEFECT,RETURNS,RETURNS,Medium,Medium,P2,P2,0,0,confident
CMP-000144,DS-0142,BILLING,BILLING,BILLING,BILLING,Medium,Medium,P2,P2,0,0,confident
CMP-000145,DS-0482,REFUND,REFUND,RETURNS,RETURNS,Low,Medium,P3,P2,1,1,tentative
CMP-000146,DS-0289,PRIVACY,PRIVACY,PRIVACY_COMPLIANCE,PRIVACY_COMPLIANCE,Medium,Medium,P2,P2,0,0,confident
CMP-000147,DS-0437,PRODUCT_DEFECT,PRODUCT_DEFECT,RETURNS,RETURNS,Medium,Medium,P2,P2,0,0,confident
CMP-000148,DS-0501,DELIVERY,DELIVERY,LOGISTICS,LOGISTICS,Medium,Medium,P2,P2,1,1,confident
CMP-000149,DS-0006,DELIVERY,DELIVERY,LOGISTICS,LOGISTICS,Medium,Medium,P2,P2,0,0,confident
CMP-000150,DS-0011,DELIVERY,DELIVERY,LOGISTICS,LOGISTICS,Medium,Medium,P2,P2,0,0,tentative
CMP-000151,DS-0223,WARRANTY,WARRANTY,WARRANTY,WARRANTY,High,High,P1,P1,3,3,confident
CMP-000152,DS-0253,TECHNICAL_SUPPORT,TECHNICAL_SUPPORT,TECH_SUPPORT,TECH_SUPPORT,Low,Low,P3,P3,0,0,confident
CMP-000153,DS-0300,PRIVACY,PRIVACY,PRIVACY_COMPLIANCE,PRIVACY_COMPLIANCE,Medium,Medium,P2,P2,0,0,confident
CMP-000154,DS-0166,REFUND,REFUND,RETURNS,RETURNS,Medium,Medium,P2,P2,0,0,confident
CMP-000155,DS-0187,RETURNS_REPLACEMENT,RETURNS_REPLACEMENT,RETURNS,RETURNS,Medium,Medium,P2,P2,0,0,confident
CMP-000156,DS-0269,TECHNICAL_SUPPORT,TECHNICAL_SUPPORT,TECH_SUPPORT,TECH_SUPPORT,Medium,Medium,P2,P2,0,0,confident
CMP-000157,DS-0531,DELIVERY,DELIVERY,LOGISTICS,LOGISTICS,Medium,Medium,P2,P2,0,0,confident
CMP-000158,DS-0522,DELIVERY,DELIVERY,LOGISTICS,LOGISTICS,Medium,Medium,P2,P2,0,0,tentative
CMP-000159,DS-0472,WARRANTY,WARRANTY,WARRANTY,WARRANTY,Medium,Medium,P2,P2,0,0,confident
CMP-000160,DS-0029,DELIVERY,DELIVERY,LOGISTICS,LOGISTICS,Medium,Medium,P2,P2,0,0,confident
CMP-000161,DS-0381,BILLING,BILLING,BILLING,BILLING,Low,Low,P3,P3,0,0,confident
CMP-000162,DS-0177,REFUND,REFUND,RETURNS,RETURNS,Medium,Medium,P2,P2,0,0,confident
CMP-000163,DS-0115,PRODUCT_DEFECT,PRODUCT_DEFECT,RETURNS,RETURNS,Medium,Medium,P2,P2,0,0,confident
CMP-000164,DS-0049,DELIVERY,DELIVERY,LOGISTICS,LOGISTICS,High,High,P1,P1,0,0,confident
CMP-000165,DS-0454,BILLING,BILLING,BILLING,BILLING,Medium,Medium,P2,P2,0,0,tentative
CMP-000166,DS-0527,DELIVERY,DELIVERY,LOGISTICS,LOGISTICS,High,High,P1,P1,0,0,confident
CMP-000167,DS-0394,PRIVACY,PRIVACY,PRIVACY_COMPLIANCE,PRIVACY_COMPLIANCE,Critical,Critical,P0,P0,4,4,confident
CMP-000168,DS-0082,PRODUCT_DEFECT,PRODUCT_DEFECT,RETURNS,RETURNS,Medium,Medium,P2,P2,0,0,confident
CMP-000169,DS-0386,TECHNICAL_SUPPORT,TECHNICAL_SUPPORT,TECH_SUPPORT,TECH_SUPPORT,Low,Low,P3,P3,0,0,confident
CMP-000170,DS-0160,REFUND,REFUND,RETURNS,RETURNS,Medium,Medium,P2,P2,0,0,confident
CMP-000171,DS-0452,BILLING,BILLING,BILLING,BILLING,Medium,Medium,P2,P2,0,0,tentative
CMP-000172,DS-0497,DELIVERY,DELIVERY,LOGISTICS,RETURNS,Medium,Medium,P2,P2,1,1,confident
CMP-000173,DS-0228,WARRANTY,WARRANTY,WARRANTY,WARRANTY,High,High,P1,P1,3,3,confident
CMP-000174,DS-0138,BILLING,BILLING,BILLING,BILLING,Medium,Medium,P2,P2,0,0,confident
CMP-000175,DS-0524,TECHNICAL_SUPPORT,TECHNICAL_SUPPORT,TECH_SUPPORT,TECH_SUPPORT,Low,Low,P3,P3,0,0,confident
CMP-000176,DS-0351,STAFF_BEHAVIOR,STAFF_BEHAVIOR,CUSTOMER_RELATIONS,CUSTOMER_RELATIONS,Medium,Medium,P2,P2,0,0,confident
CMP-000177,DS-0444,DELIVERY,DELIVERY,LOGISTICS,LOGISTICS,Low,Low,P3,P3,0,0,confident
CMP-000178,DS-0445,DELIVERY,DELIVERY,LOGISTICS,LOGISTICS,Low,Low,P3,P3,0,0,confident
CMP-000179,DS-0064,DELIVERY,DELIVERY,LOGISTICS,LOGISTICS,Medium,Medium,P2,P2,0,0,confident
CMP-000180,DS-0097,PRODUCT_DEFECT,PRODUCT_DEFECT,WARRANTY,WARRANTY,Low,Low,P3,P3,0,0,confident
CMP-000181,DS-0303,SAFETY,SAFETY,PRODUCT_SAFETY,PRODUCT_SAFETY,Critical,Critical,P0,P0,5,5,confident
CMP-000182,DS-0322,SAFETY,SAFETY,PRODUCT_SAFETY,PRODUCT_SAFETY,Critical,Critical,P0,P0,5,5,confident
CMP-000183,DS-0116,PRODUCT_DEFECT,PRODUCT_DEFECT,RETURNS,RETURNS,Medium,Medium,P2,P2,0,0,confident
CMP-000184,DS-0481,REFUND,REFUND,RETURNS,RETURNS,Low,Medium,P3,P2,1,1,tentative
CMP-000185,DS-0077,PRODUCT_DEFECT,PRODUCT_DEFECT,RETURNS,RETURNS,Medium,Medium,P2,P2,0,0,tentative
CMP-000186,DS-0078,PRODUCT_DEFECT,PRODUCT_DEFECT,RETURNS,RETURNS,Medium,Medium,P2,P2,0,0,tentative
CMP-000187,DS-0192,RETURNS_REPLACEMENT,RETURNS_REPLACEMENT,RETURNS,RETURNS,Medium,Medium,P2,P2,0,0,confident
CMP-000188,DS-0017,DELIVERY,DELIVERY,LOGISTICS,LOGISTICS,Medium,Medium,P2,P2,0,0,tentative
CMP-000189,DS-0251,ACCOUNT,ACCOUNT,ACCOUNT_SECURITY,ACCOUNT_SECURITY,Critical,Critical,P0,P0,4,4,confident
CMP-000190,DS-0163,REFUND,REFUND,RETURNS,RETURNS,Medium,Medium,P2,P2,0,0,confident
CMP-000191,DS-0225,WARRANTY,WARRANTY,WARRANTY,WARRANTY,High,High,P1,P1,3,3,confident
CMP-000192,DS-0313,SAFETY,SAFETY,PRODUCT_SAFETY,PRODUCT_SAFETY,Critical,Critical,P0,P0,5,5,confident
CMP-000193,DS-0361,STAFF_BEHAVIOR,STAFF_BEHAVIOR,CUSTOMER_RELATIONS,CUSTOMER_RELATIONS,Medium,Medium,P2,P2,0,0,confident
CMP-000194,DS-0026,DELIVERY,DELIVERY,LOGISTICS,LOGISTICS,Medium,Medium,P2,P2,0,0,confident
CMP-000195,DS-0169,REFUND,RETURNS_REPLACEMENT,RETURNS,RETURNS,Medium,Medium,P2,P2,0,0,confident
CMP-000196,DS-0327,SAFETY,SAFETY,PRODUCT_SAFETY,PRODUCT_SAFETY,Critical,Critical,P0,P0,5,5,confident
CMP-000197,DS-0506,WARRANTY,WARRANTY,WARRANTY,WARRANTY,High,High,P1,P1,1,1,tentative
CMP-000198,DS-0084,PRODUCT_DEFECT,PRODUCT_DEFECT,RETURNS,RETURNS,Medium,Medium,P2,P2,0,0,tentative
CMP-000199,DS-0088,PRODUCT_DEFECT,PRODUCT_DEFECT,WARRANTY,WARRANTY,Medium,Medium,P2,P2,0,0,confident
CMP-000200,DS-0051,DELIVERY,DELIVERY,LOGISTICS,LOGISTICS,Medium,Medium,P2,P2,0,0,confident
CMP-000201,DS-0430,SAFETY,SAFETY,PRODUCT_SAFETY,PRODUCT_SAFETY,Critical,Critical,P0,P0,5,5,confident
CMP-000202,DS-0282,PRIVACY,PRIVACY,PRIVACY_COMPLIANCE,PRIVACY_COMPLIANCE,Critical,Critical,P0,P0,4,4,confident
CMP-000203,DS-0241,ACCOUNT,ACCOUNT,ACCOUNT_SECURITY,ACCOUNT_SECURITY,Medium,Medium,P2,P2,0,0,confident
CMP-000204,DS-0292,PRIVACY,PRIVACY,PRIVACY_COMPLIANCE,PRIVACY_COMPLIANCE,Medium,Medium,P2,P2,0,0,confident
CMP-000205,DS-0281,PRIVACY,PRIVACY,PRIVACY_COMPLIANCE,PRIVACY_COMPLIANCE,Critical,Critical,P0,P0,4,4,confident
CMP-000206,DS-0003,DELIVERY,DELIVERY,LOGISTICS,LOGISTICS,Medium,Medium,P2,P2,0,0,confident
CMP-000207,DS-0134,BILLING,BILLING,BILLING,BILLING,Medium,Medium,P2,P2,0,0,tentative
CMP-000208,DS-0229,WARRANTY,WARRANTY,WARRANTY,WARRANTY,High,High,P1,P1,3,3,confident
CMP-000209,DS-0252,ACCOUNT,ACCOUNT,ACCOUNT_SECURITY,ACCOUNT_SECURITY,Critical,Critical,P0,P0,4,4,confident
CMP-000210,DS-0272,TECHNICAL_SUPPORT,TECHNICAL_SUPPORT,TECH_SUPPORT,TECH_SUPPORT,Low,Low,P3,P3,0,0,confident
CMP-000211,DS-0227,WARRANTY,WARRANTY,WARRANTY,WARRANTY,High,High,P1,P1,3,3,confident
CMP-000212,DS-0334,SERVICE_QUALITY,SERVICE_QUALITY,CUSTOMER_RELATIONS,CUSTOMER_RELATIONS,Low,Low,P3,P3,0,0,confident
CMP-000213,DS-0081,PRODUCT_DEFECT,PRODUCT_DEFECT,RETURNS,RETURNS,Medium,Medium,P2,P2,0,0,tentative
CMP-000214,DS-0288,PRIVACY,PRIVACY,PRIVACY_COMPLIANCE,PRIVACY_COMPLIANCE,Critical,Critical,P0,P0,4,4,confident
CMP-000215,DS-0291,PRIVACY,PRIVACY,PRIVACY_COMPLIANCE,PRIVACY_COMPLIANCE,Medium,Medium,P2,P2,0,0,confident
CMP-000216,DS-0158,REFUND,REFUND,RETURNS,RETURNS,Medium,Medium,P2,P2,0,0,confident
CMP-000217,DS-0324,SAFETY,SAFETY,PRODUCT_SAFETY,PRODUCT_SAFETY,Critical,Critical,P0,P0,5,5,confident
CMP-000218,DS-0042,DELIVERY,DELIVERY,LOGISTICS,LOGISTICS,High,High,P1,P1,0,0,confident
CMP-000219,DS-0203,RETURNS_REPLACEMENT,RETURNS_REPLACEMENT,RETURNS,RETURNS,Medium,Medium,P2,P2,0,0,tentative
CMP-000220,DS-0425,SAFETY,SAFETY,PRODUCT_SAFETY,PRODUCT_SAFETY,Critical,Critical,P0,P0,5,5,confident
CMP-000221,DS-0073,PRODUCT_DEFECT,PRODUCT_DEFECT,RETURNS,RETURNS,Medium,Medium,P2,P2,0,0,confident
CMP-000222,DS-0267,TECHNICAL_SUPPORT,TECHNICAL_SUPPORT,TECH_SUPPORT,TECH_SUPPORT,Medium,Medium,P2,P2,0,0,confident
CMP-000223,DS-0298,PRIVACY,PRIVACY,PRIVACY_COMPLIANCE,PRIVACY_COMPLIANCE,Medium,Medium,P2,P2,0,0,confident
CMP-000224,DS-0245,ACCOUNT,ACCOUNT,ACCOUNT_SECURITY,ACCOUNT_SECURITY,Critical,Critical,P0,P0,4,4,confident
CMP-000225,DS-0202,RETURNS_REPLACEMENT,RETURNS_REPLACEMENT,RETURNS,RETURNS,Medium,Medium,P2,P2,0,0,confident
CMP-000226,DS-0332,SERVICE_QUALITY,SERVICE_QUALITY,CUSTOMER_RELATIONS,CUSTOMER_RELATIONS,Low,Low,P3,P3,0,0,confident
CMP-000227,DS-0305,SAFETY,SAFETY,PRODUCT_SAFETY,PRODUCT_SAFETY,Critical,Critical,P0,P0,5,5,confident
CMP-000228,DS-0099,PRODUCT_DEFECT,PRODUCT_DEFECT,WARRANTY,WARRANTY,Low,Low,P3,P3,0,0,confident
CMP-000229,DS-0372,SAFETY,SAFETY,PRODUCT_SAFETY,PRODUCT_SAFETY,Critical,Critical,P0,P0,5,5,confident
CMP-000230,DS-0153,BILLING,BILLING,BILLING,BILLING,Low,Low,P3,P3,0,0,confident
CMP-000231,DS-0301,PRIVACY,PRIVACY,PRIVACY_COMPLIANCE,PRIVACY_COMPLIANCE,Medium,Medium,P2,P2,0,0,confident
CMP-000232,DS-0174,REFUND,REFUND,RETURNS,RETURNS,Medium,Medium,P2,P2,0,0,confident
CMP-000233,DS-0140,BILLING,BILLING,BILLING,BILLING,Medium,Medium,P2,P2,0,0,tentative
CMP-000234,DS-0043,DELIVERY,DELIVERY,LOGISTICS,LOGISTICS,High,High,P1,P1,0,0,confident
CMP-000235,DS-0155,BILLING,BILLING,BILLING,BILLING,Low,Low,P3,P3,0,0,confident
CMP-000236,DS-0204,RETURNS_REPLACEMENT,RETURNS_REPLACEMENT,RETURNS,RETURNS,Medium,Medium,P2,P2,0,0,confident
CMP-000237,DS-0150,BILLING,BILLING,BILLING,BILLING,Low,Low,P3,P3,0,0,confident
CMP-000238,DS-0168,REFUND,REFUND,RETURNS,RETURNS,Medium,Medium,P2,P2,0,0,confident
CMP-000239,DS-0511,REFUND,REFUND,BILLING,BILLING,Medium,Medium,P2,P2,1,1,tentative
CMP-000240,DS-0526,BILLING,BILLING,BILLING,BILLING,Low,Low,P3,P3,0,0,confident
CMP-000241,DS-0325,SAFETY,SAFETY,PRODUCT_SAFETY,PRODUCT_SAFETY,Critical,Critical,P0,P0,5,5,confident
CMP-000242,DS-0348,SERVICE_QUALITY,SERVICE_QUALITY,CUSTOMER_RELATIONS,CUSTOMER_RELATIONS,Low,Low,P3,P3,0,0,confident
CMP-000243,DS-0059,DELIVERY,DELIVERY,LOGISTICS,LOGISTICS,Medium,Medium,P2,P2,0,0,confident
CMP-000244,DS-0419,DELIVERY,PRODUCT_DEFECT,RETURNS,RETURNS,Medium,Medium,P2,P2,0,0,confident
CMP-000245,DS-0416,DELIVERY,DELIVERY,LOGISTICS,LOGISTICS,Medium,Medium,P2,P2,0,0,confident
CMP-000246,DS-0436,PRODUCT_DEFECT,UNCLASSIFIED,RETURNS,CUSTOMER_RELATIONS,Medium,Medium,P2,P2,0,0,unknown
CMP-000247,DS-0455,BILLING,REFUND,BILLING,RETURNS,Medium,Medium,P2,P2,0,0,confident
CMP-000248,DS-0260,TECHNICAL_SUPPORT,TECHNICAL_SUPPORT,TECH_SUPPORT,TECH_SUPPORT,Low,Low,P3,P3,0,0,confident
CMP-000249,DS-0161,REFUND,REFUND,RETURNS,RETURNS,Medium,Medium,P2,P2,0,0,confident
CMP-000250,DS-0507,REFUND,REFUND,BILLING,BILLING,Medium,Medium,P2,P2,1,1,tentative
CMP-000251,DS-0096,PRODUCT_DEFECT,PRODUCT_DEFECT,WARRANTY,WARRANTY,Low,Low,P3,P3,0,0,tentative
CMP-000252,DS-0189,RETURNS_REPLACEMENT,RETURNS_REPLACEMENT,RETURNS,RETURNS,Medium,Medium,P2,P2,0,0,confident
CMP-000253,DS-0105,PRODUCT_DEFECT,PRODUCT_DEFECT,RETURNS,RETURNS,Medium,Medium,P2,P2,0,0,confident
CMP-000254,DS-0093,PRODUCT_DEFECT,PRODUCT_DEFECT,WARRANTY,WARRANTY,Medium,Medium,P2,P2,0,0,tentative
CMP-000255,DS-0495,DELIVERY,DELIVERY,LOGISTICS,LOGISTICS,Medium,Medium,P2,P2,1,1,confident
CMP-000256,DS-0530,TECHNICAL_SUPPORT,TECHNICAL_SUPPORT,TECH_SUPPORT,TECH_SUPPORT,Low,Low,P3,P3,0,0,confident
CMP-000257,DS-0410,DELIVERY,DELIVERY,RETURNS,LOGISTICS,Medium,Medium,P2,P2,0,0,confident
CMP-000258,DS-0034,DELIVERY,DELIVERY,LOGISTICS,LOGISTICS,High,High,P1,P1,0,0,confident
CMP-000259,DS-0331,SERVICE_QUALITY,SERVICE_QUALITY,CUSTOMER_RELATIONS,CUSTOMER_RELATIONS,Low,Low,P3,P3,0,0,confident
CMP-000260,DS-0388,TECHNICAL_SUPPORT,TECHNICAL_SUPPORT,TECH_SUPPORT,TECH_SUPPORT,Low,Low,P3,P3,0,0,confident
CMP-000261,DS-0176,REFUND,REFUND,RETURNS,RETURNS,Medium,Medium,P2,P2,0,0,confident
CMP-000262,DS-0080,PRODUCT_DEFECT,PRODUCT_DEFECT,RETURNS,RETURNS,Medium,Medium,P2,P2,0,0,tentative
CMP-000263,DS-0113,PRODUCT_DEFECT,PRODUCT_DEFECT,RETURNS,RETURNS,Medium,Medium,P2,P2,0,0,confident
CMP-000264,DS-0195,RETURNS_REPLACEMENT,RETURNS_REPLACEMENT,RETURNS,RETURNS,Medium,Medium,P2,P2,0,0,confident
CMP-000265,DS-0514,DELIVERY,DELIVERY,LOGISTICS,LOGISTICS,Medium,Medium,P2,P2,1,1,confident
CMP-000266,DS-0071,PRODUCT_DEFECT,PRODUCT_DEFECT,RETURNS,RETURNS,Medium,Medium,P2,P2,0,0,confident
CMP-000267,DS-0407,DELIVERY,REFUND,RETURNS,RETURNS,Medium,Medium,P2,P2,0,0,confident
CMP-000268,DS-0122,BILLING,BILLING,BILLING,BILLING,High,High,P1,P1,1,1,confident
CMP-000269,DS-0236,ACCOUNT,ACCOUNT,ACCOUNT_SECURITY,ACCOUNT_SECURITY,Low,Low,P3,P3,0,0,confident
CMP-000270,DS-0330,SERVICE_QUALITY,SERVICE_QUALITY,CUSTOMER_RELATIONS,CUSTOMER_RELATIONS,Low,Low,P3,P3,0,0,confident
CMP-000271,DS-0120,BILLING,BILLING,BILLING,BILLING,High,High,P1,P1,1,1,confident
CMP-000272,DS-0366,SAFETY,SAFETY,PRODUCT_SAFETY,PRODUCT_SAFETY,Critical,Critical,P0,P0,5,5,confident
CMP-000273,DS-0284,PRIVACY,PRIVACY,PRIVACY_COMPLIANCE,PRIVACY_COMPLIANCE,Critical,Critical,P0,P0,4,4,confident
CMP-000274,DS-0338,SERVICE_QUALITY,SERVICE_QUALITY,CUSTOMER_RELATIONS,CUSTOMER_RELATIONS,Medium,Medium,P2,P2,0,0,confident
CMP-000275,DS-0423,DELIVERY,PRODUCT_DEFECT,RETURNS,RETURNS,Medium,Medium,P2,P2,0,0,confident
CMP-000276,DS-0508,RETURNS_REPLACEMENT,RETURNS_REPLACEMENT,RETURNS,RETURNS,High,High,P1,P1,1,1,confident
CMP-000277,DS-0068,PRODUCT_DEFECT,PRODUCT_DEFECT,RETURNS,RETURNS,Medium,Medium,P2,P2,0,0,confident
CMP-000278,DS-0185,RETURNS_REPLACEMENT,RETURNS_REPLACEMENT,RETURNS,RETURNS,Medium,Medium,P2,P2,0,0,confident
CMP-000279,DS-0098,PRODUCT_DEFECT,PRODUCT_DEFECT,WARRANTY,WARRANTY,Low,Low,P3,P3,0,0,tentative
CMP-000280,DS-0021,DELIVERY,DELIVERY,LOGISTICS,LOGISTICS,Medium,Medium,P2,P2,0,0,confident
CMP-000281,DS-0321,SAFETY,SAFETY,PRODUCT_SAFETY,PRODUCT_SAFETY,Critical,Critical,P0,P0,5,5,confident
CMP-000282,DS-0505,REFUND,REFUND,BILLING,BILLING,Medium,Medium,P2,P2,1,1,tentative
CMP-000283,DS-0389,TECHNICAL_SUPPORT,TECHNICAL_SUPPORT,TECH_SUPPORT,TECH_SUPPORT,Low,Low,P3,P3,0,0,confident
CMP-000284,DS-0465,REFUND,REFUND,RETURNS,RETURNS,Medium,Medium,P2,P2,1,1,confident
CMP-000285,DS-0019,DELIVERY,DELIVERY,LOGISTICS,LOGISTICS,Medium,Medium,P2,P2,0,0,confident
CMP-000286,DS-0441,PRODUCT_DEFECT,UNCLASSIFIED,RETURNS,CUSTOMER_RELATIONS,Medium,Medium,P2,P2,0,0,unknown
CMP-000287,DS-0360,STAFF_BEHAVIOR,STAFF_BEHAVIOR,CUSTOMER_RELATIONS,CUSTOMER_RELATIONS,Medium,Medium,P2,P2,0,0,confident
CMP-000288,DS-0240,ACCOUNT,ACCOUNT,ACCOUNT_SECURITY,ACCOUNT_SECURITY,Medium,Medium,P2,P2,0,0,confident
CMP-000289,DS-0199,RETURNS_REPLACEMENT,RETURNS_REPLACEMENT,RETURNS,RETURNS,Medium,Medium,P2,P2,0,0,tentative
CMP-000290,DS-0090,PRODUCT_DEFECT,PRODUCT_DEFECT,WARRANTY,WARRANTY,Medium,Medium,P2,P2,0,0,tentative
CMP-000291,DS-0108,PRODUCT_DEFECT,PRODUCT_DEFECT,RETURNS,RETURNS,Medium,Medium,P2,P2,0,0,confident
CMP-000292,DS-0344,SERVICE_QUALITY,SERVICE_QUALITY,CUSTOMER_RELATIONS,CUSTOMER_RELATIONS,Low,Low,P3,P3,0,0,confident
CMP-000293,DS-0392,PRIVACY,PRIVACY,PRIVACY_COMPLIANCE,PRIVACY_COMPLIANCE,Critical,Critical,P0,P0,4,4,confident
CMP-000294,DS-0310,SAFETY,SAFETY,PRODUCT_SAFETY,PRODUCT_SAFETY,Critical,Critical,P0,P0,5,5,confident
CMP-000295,DS-0141,BILLING,BILLING,BILLING,BILLING,Medium,Medium,P2,P2,0,0,confident
CMP-000296,DS-0232,ACCOUNT,ACCOUNT,ACCOUNT_SECURITY,ACCOUNT_SECURITY,Low,Low,P3,P3,0,0,confident
CMP-000297,DS-0319,SAFETY,SAFETY,PRODUCT_SAFETY,PRODUCT_SAFETY,Critical,Critical,P0,P0,5,5,confident
CMP-000298,DS-0055,DELIVERY,DELIVERY,LOGISTICS,LOGISTICS,Medium,Medium,P2,P2,0,0,confident
CMP-000299,DS-0124,BILLING,BILLING,BILLING,BILLING,Medium,Medium,P2,P2,0,0,confident
CMP-000300,DS-0384,TECHNICAL_SUPPORT,TECHNICAL_SUPPORT,TECH_SUPPORT,TECH_SUPPORT,Low,Low,P3,P3,0,0,confident
CMP-000301,DS-0194,RETURNS_REPLACEMENT,RETURNS_REPLACEMENT,RETURNS,RETURNS,Medium,Medium,P2,P2,0,0,confident
CMP-000302,DS-0345,SERVICE_QUALITY,SERVICE_QUALITY,CUSTOMER_RELATIONS,CUSTOMER_RELATIONS,Low,Low,P3,P3,0,0,confident
CMP-000303,DS-0294,PRIVACY,PRIVACY,PRIVACY_COMPLIANCE,PRIVACY_COMPLIANCE,Medium,Medium,P2,P2,0,0,confident
CMP-000304,DS-0067,PRODUCT_DEFECT,PRODUCT_DEFECT,RETURNS,RETURNS,Medium,Medium,P2,P2,0,0,confident
CMP-000305,DS-0209,WARRANTY,WARRANTY,WARRANTY,WARRANTY,Medium,Medium,P2,P2,0,0,confident
CMP-000306,DS-0180,REFUND,REFUND,RETURNS,RETURNS,Medium,Medium,P2,P2,0,0,confident
CMP-000307,DS-0518,REFUND,REFUND,BILLING,BILLING,Medium,Medium,P2,P2,1,1,tentative
CMP-000308,DS-0280,PRIVACY,PRIVACY,PRIVACY_COMPLIANCE,PRIVACY_COMPLIANCE,Critical,Critical,P0,P0,4,4,confident
CMP-000309,DS-0053,DELIVERY,DELIVERY,LOGISTICS,LOGISTICS,Medium,Medium,P2,P2,0,0,confident
CMP-000310,DS-0224,WARRANTY,WARRANTY,WARRANTY,WARRANTY,High,High,P1,P1,3,3,confident
CMP-000311,DS-0299,PRIVACY,PRIVACY,PRIVACY_COMPLIANCE,PRIVACY_COMPLIANCE,Medium,Medium,P2,P2,0,0,confident
CMP-000312,DS-0421,DELIVERY,PRODUCT_DEFECT,RETURNS,RETURNS,Medium,Medium,P2,P2,0,0,confident
CMP-000313,DS-0012,DELIVERY,DELIVERY,LOGISTICS,LOGISTICS,Medium,Medium,P2,P2,0,0,confident
CMP-000314,DS-0457,BILLING,REFUND,BILLING,RETURNS,Medium,Medium,P2,P2,0,0,confident
CMP-000315,DS-0035,DELIVERY,DELIVERY,LOGISTICS,LOGISTICS,High,High,P1,P1,0,0,tentative
CMP-000316,DS-0066,DELIVERY,DELIVERY,LOGISTICS,LOGISTICS,Medium,Medium,P2,P2,0,0,tentative
CMP-000317,DS-0475,WARRANTY,WARRANTY,WARRANTY,WARRANTY,Medium,Medium,P2,P2,0,0,confident
CMP-000318,DS-0382,BILLING,BILLING,BILLING,BILLING,Low,Low,P3,P3,0,0,confident
CMP-000319,DS-0484,REFUND,REFUND,RETURNS,RETURNS,Low,Medium,P3,P2,1,1,tentative
CMP-000320,DS-0499,DELIVERY,DELIVERY,LOGISTICS,LOGISTICS,Medium,Medium,P2,P2,1,1,confident
CMP-000321,DS-0285,PRIVACY,PRIVACY,PRIVACY_COMPLIANCE,PRIVACY_COMPLIANCE,Critical,Critical,P0,P0,4,4,confident
CMP-000322,DS-0112,PRODUCT_DEFECT,PRODUCT_DEFECT,RETURNS,RETURNS,Medium,Medium,P2,P2,0,0,confident
CMP-000323,DS-0086,PRODUCT_DEFECT,PRODUCT_DEFECT,WARRANTY,WARRANTY,Medium,Medium,P2,P2,0,0,tentative
CMP-000324,DS-0317,SAFETY,SAFETY,PRODUCT_SAFETY,PRODUCT_SAFETY,Critical,Critical,P0,P0,5,5,confident
CMP-000325,DS-0211,WARRANTY,WARRANTY,WARRANTY,WARRANTY,Medium,Medium,P2,P2,0,0,confident
CMP-000326,DS-0405,DELIVERY,REFUND,RETURNS,RETURNS,Medium,Medium,P2,P2,0,0,confident
CMP-000327,DS-0143,BILLING,BILLING,BILLING,BILLING,Medium,Medium,P2,P2,0,0,confident
CMP-000328,DS-0123,BILLING,BILLING,BILLING,BILLING,Medium,Medium,P2,P2,0,0,confident
CMP-000329,DS-0270,TECHNICAL_SUPPORT,PRODUCT_DEFECT,TECH_SUPPORT,WARRANTY,Medium,Medium,P2,P2,0,0,confident
CMP-000330,DS-0451,DELIVERY,DELIVERY,LOGISTICS,LOGISTICS,Low,Low,P3,P3,0,0,confident
CMP-000331,DS-0132,BILLING,BILLING,BILLING,BILLING,Medium,Medium,P2,P2,0,0,confident
CMP-000332,DS-0179,REFUND,REFUND,RETURNS,RETURNS,Medium,Medium,P2,P2,0,0,confident
CMP-000333,DS-0008,DELIVERY,DELIVERY,LOGISTICS,LOGISTICS,Medium,Medium,P2,P2,0,0,confident
CMP-000334,DS-0170,REFUND,REFUND,RETURNS,RETURNS,Medium,Medium,P2,P2,0,0,confident
CMP-000335,DS-0191,RETURNS_REPLACEMENT,RETURNS_REPLACEMENT,RETURNS,RETURNS,Medium,Medium,P2,P2,0,0,tentative
CMP-000336,DS-0095,PRODUCT_DEFECT,PRODUCT_DEFECT,WARRANTY,WARRANTY,Low,Low,P3,P3,0,0,confident
CMP-000337,DS-0005,DELIVERY,DELIVERY,LOGISTICS,LOGISTICS,Medium,Medium,P2,P2,0,0,confident
CMP-000338,DS-0032,DELIVERY,DELIVERY,LOGISTICS,LOGISTICS,High,High,P1,P1,0,0,tentative
CMP-000339,DS-0060,DELIVERY,DELIVERY,LOGISTICS,LOGISTICS,Medium,Medium,P2,P2,0,0,tentative
CMP-000340,DS-0523,DELIVERY,DELIVERY,LOGISTICS,LOGISTICS,Medium,Medium,P2,P2,0,0,confident
CMP-000341,DS-0178,REFUND,REFUND,RETURNS,RETURNS,Medium,Medium,P2,P2,0,0,confident
CMP-000342,DS-0075,PRODUCT_DEFECT,PRODUCT_DEFECT,RETURNS,RETURNS,Medium,Medium,P2,P2,0,0,confident
CMP-000343,DS-0175,REFUND,RETURNS_REPLACEMENT,RETURNS,RETURNS,Medium,Medium,P2,P2,0,0,confident
CMP-000344,DS-0151,BILLING,BILLING,BILLING,BILLING,Low,Low,P3,P3,0,0,confident
CMP-000345,DS-0312,SAFETY,SAFETY,PRODUCT_SAFETY,PRODUCT_SAFETY,Critical,Critical,P0,P0,5,5,confident
CMP-000346,DS-0065,DELIVERY,DELIVERY,LOGISTICS,LOGISTICS,Medium,Medium,P2,P2,0,0,confident
CMP-000347,DS-0393,PRIVACY,PRIVACY,PRIVACY_COMPLIANCE,PRIVACY_COMPLIANCE,Critical,Critical,P0,P0,4,4,confident
CMP-000348,DS-0106,PRODUCT_DEFECT,PRODUCT_DEFECT,RETURNS,RETURNS,Medium,Medium,P2,P2,0,0,confident
CMP-000349,DS-0007,DELIVERY,DELIVERY,LOGISTICS,LOGISTICS,Medium,Medium,P2,P2,0,0,confident
CMP-000350,DS-0044,DELIVERY,DELIVERY,LOGISTICS,LOGISTICS,High,High,P1,P1,0,0,confident
CMP-000351,DS-0387,TECHNICAL_SUPPORT,TECHNICAL_SUPPORT,TECH_SUPPORT,TECH_SUPPORT,Low,Low,P3,P3,0,0,confident
CMP-000352,DS-0318,SAFETY,SAFETY,PRODUCT_SAFETY,PRODUCT_SAFETY,Critical,Critical,P0,P0,5,5,confident
CMP-000353,DS-0520,DELIVERY,DELIVERY,LOGISTICS,LOGISTICS,High,High,P1,P1,1,1,confident
CMP-000354,DS-0220,WARRANTY,WARRANTY,WARRANTY,WARRANTY,Medium,Medium,P2,P2,0,0,confident
CMP-000355,DS-0287,PRIVACY,PRIVACY,PRIVACY_COMPLIANCE,PRIVACY_COMPLIANCE,Critical,Critical,P0,P0,4,4,confident
CMP-000356,DS-0015,DELIVERY,DELIVERY,LOGISTICS,LOGISTICS,Medium,Medium,P2,P2,0,0,confident
CMP-000357,DS-0264,TECHNICAL_SUPPORT,PRODUCT_DEFECT,TECH_SUPPORT,WARRANTY,Medium,Medium,P2,P2,0,0,confident
CMP-000358,DS-0254,TECHNICAL_SUPPORT,TECHNICAL_SUPPORT,TECH_SUPPORT,TECH_SUPPORT,Low,Low,P3,P3,0,0,confident
CMP-000359,DS-0131,BILLING,BILLING,BILLING,BILLING,Medium,Medium,P2,P2,0,0,confident
CMP-000360,DS-0219,WARRANTY,WARRANTY,WARRANTY,WARRANTY,Medium,Medium,P2,P2,0,0,tentative
CMP-000361,DS-0464,REFUND,REFUND,RETURNS,RETURNS,Medium,Medium,P2,P2,1,1,confident
CMP-000362,DS-0493,DELIVERY,DELIVERY,LOGISTICS,LOGISTICS,Medium,Medium,P2,P2,1,1,confident
CMP-000363,DS-0378,TECHNICAL_SUPPORT,TECHNICAL_SUPPORT,TECH_SUPPORT,TECH_SUPPORT,Low,Low,P3,P3,0,0,confident
CMP-000364,DS-0512,RETURNS_REPLACEMENT,RETURNS_REPLACEMENT,RETURNS,RETURNS,High,High,P1,P1,1,1,confident
CMP-000365,DS-0427,SAFETY,SAFETY,PRODUCT_SAFETY,PRODUCT_SAFETY,Critical,Critical,P0,P0,5,5,confident
CMP-000366,DS-0479,BILLING,REFUND,BILLING,RETURNS,Low,Medium,P3,P2,0,0,tentative
CMP-000367,DS-0249,ACCOUNT,ACCOUNT,ACCOUNT_SECURITY,ACCOUNT_SECURITY,Critical,Critical,P0,P0,4,4,confident
CMP-000368,DS-0439,PRODUCT_DEFECT,UNCLASSIFIED,RETURNS,CUSTOMER_RELATIONS,Medium,Medium,P2,P2,0,0,unknown
CMP-000369,DS-0271,TECHNICAL_SUPPORT,TECHNICAL_SUPPORT,TECH_SUPPORT,TECH_SUPPORT,Low,Low,P3,P3,0,0,confident
CMP-000370,DS-0428,SAFETY,SAFETY,PRODUCT_SAFETY,PRODUCT_SAFETY,Critical,Critical,P0,P0,5,5,confident
CMP-000371,DS-0104,PRODUCT_DEFECT,PRODUCT_DEFECT,RETURNS,RETURNS,Medium,Medium,P2,P2,0,0,confident
CMP-000372,DS-0190,RETURNS_REPLACEMENT,RETURNS_REPLACEMENT,RETURNS,RETURNS,Medium,Medium,P2,P2,0,0,confident
CMP-000373,DS-0057,DELIVERY,DELIVERY,LOGISTICS,LOGISTICS,Medium,Medium,P2,P2,0,0,confident
CMP-000374,DS-0283,PRIVACY,PRIVACY,PRIVACY_COMPLIANCE,PRIVACY_COMPLIANCE,Critical,Critical,P0,P0,4,4,confident
CMP-000375,DS-0375,TECHNICAL_SUPPORT,TECHNICAL_SUPPORT,TECH_SUPPORT,TECH_SUPPORT,Low,Low,P3,P3,0,0,confident
CMP-000376,DS-0390,TECHNICAL_SUPPORT,TECHNICAL_SUPPORT,TECH_SUPPORT,TECH_SUPPORT,Low,Low,P3,P3,0,0,confident
CMP-000377,DS-0500,DELIVERY,DELIVERY,LOGISTICS,LOGISTICS,Medium,Medium,P2,P2,1,1,confident
CMP-000378,DS-0274,TECHNICAL_SUPPORT,TECHNICAL_SUPPORT,TECH_SUPPORT,TECH_SUPPORT,Low,Low,P3,P3,0,0,confident
CMP-000379,DS-0027,DELIVERY,DELIVERY,LOGISTICS,LOGISTICS,Medium,Medium,P2,P2,0,0,confident
CMP-000380,DS-0184,RETURNS_REPLACEMENT,RETURNS_REPLACEMENT,RETURNS,RETURNS,Medium,Medium,P2,P2,0,0,confident
CMP-000381,DS-0070,PRODUCT_DEFECT,PRODUCT_DEFECT,RETURNS,RETURNS,Medium,Medium,P2,P2,0,0,confident
CMP-000382,DS-0022,DELIVERY,DELIVERY,LOGISTICS,LOGISTICS,Medium,Medium,P2,P2,0,0,confident
CMP-000383,DS-0256,TECHNICAL_SUPPORT,TECHNICAL_SUPPORT,TECH_SUPPORT,TECH_SUPPORT,Low,Low,P3,P3,0,0,confident
CMP-000384,DS-0306,SAFETY,SAFETY,PRODUCT_SAFETY,PRODUCT_SAFETY,Critical,Critical,P0,P0,5,5,confident
CMP-000385,DS-0186,RETURNS_REPLACEMENT,RETURNS_REPLACEMENT,RETURNS,RETURNS,Medium,Medium,P2,P2,0,0,confident
CMP-000386,DS-0340,SERVICE_QUALITY,SERVICE_QUALITY,CUSTOMER_RELATIONS,CUSTOMER_RELATIONS,Medium,Medium,P2,P2,0,0,confident
CMP-000387,DS-0347,SERVICE_QUALITY,SERVICE_QUALITY,CUSTOMER_RELATIONS,CUSTOMER_RELATIONS,Low,Low,P3,P3,0,0,confident
CMP-000388,DS-0089,PRODUCT_DEFECT,PRODUCT_DEFECT,WARRANTY,WARRANTY,Medium,Medium,P2,P2,0,0,tentative
CMP-000389,DS-0148,BILLING,BILLING,BILLING,BILLING,Medium,Medium,P2,P2,0,0,confident
CMP-000390,DS-0144,BILLING,BILLING,BILLING,BILLING,Medium,Medium,P2,P2,0,0,confident
CMP-000391,DS-0164,REFUND,REFUND,RETURNS,RETURNS,Medium,Medium,P2,P2,0,0,confident
CMP-000392,DS-0302,PRIVACY,PRIVACY,PRIVACY_COMPLIANCE,PRIVACY_COMPLIANCE,Medium,Medium,P2,P2,0,0,confident
CMP-000393,DS-0487,REFUND,REFUND,RETURNS,RETURNS,Low,Medium,P3,P2,1,1,tentative
CMP-000394,DS-0529,PRODUCT_DEFECT,PRODUCT_DEFECT,WARRANTY,WARRANTY,Medium,Medium,P2,P2,0,0,tentative
CMP-000395,DS-0515,RETURNS_REPLACEMENT,RETURNS_REPLACEMENT,RETURNS,RETURNS,High,High,P1,P1,1,1,confident
CMP-000396,DS-0459,BILLING,REFUND,BILLING,RETURNS,Medium,Medium,P2,P2,0,0,confident
CMP-000397,DS-0216,WARRANTY,WARRANTY,WARRANTY,WARRANTY,Medium,Medium,P2,P2,0,0,confident
CMP-000398,DS-0277,TECHNICAL_SUPPORT,TECHNICAL_SUPPORT,TECH_SUPPORT,TECH_SUPPORT,Low,Low,P3,P3,0,0,confident
CMP-000399,DS-0433,ACCOUNT,ACCOUNT,ACCOUNT_SECURITY,ACCOUNT_SECURITY,Medium,Medium,P2,P2,0,0,confident
CMP-000400,DS-0380,BILLING,BILLING,BILLING,BILLING,Low,Low,P3,P3,0,0,confident
CMP-000401,DS-0242,ACCOUNT,ACCOUNT,ACCOUNT_SECURITY,ACCOUNT_SECURITY,Medium,Medium,P2,P2,0,0,confident
CMP-000402,DS-0352,STAFF_BEHAVIOR,STAFF_BEHAVIOR,CUSTOMER_RELATIONS,CUSTOMER_RELATIONS,Medium,Medium,P2,P2,0,0,confident
CMP-000403,DS-0181,REFUND,REFUND,RETURNS,RETURNS,Medium,Medium,P2,P2,0,0,confident
CMP-000404,DS-0293,PRIVACY,PRIVACY,PRIVACY_COMPLIANCE,PRIVACY_COMPLIANCE,Medium,Medium,P2,P2,0,0,confident
CMP-000405,DS-0431,ACCOUNT,ACCOUNT,ACCOUNT_SECURITY,ACCOUNT_SECURITY,Medium,Medium,P2,P2,0,0,confident
CMP-000406,DS-0485,REFUND,REFUND,RETURNS,RETURNS,Low,Medium,P3,P2,1,1,confident
CMP-000407,DS-0028,DELIVERY,DELIVERY,LOGISTICS,LOGISTICS,Medium,Medium,P2,P2,0,0,confident
CMP-000408,DS-0154,BILLING,BILLING,BILLING,BILLING,Low,Low,P3,P3,0,0,confident
CMP-000409,DS-0092,PRODUCT_DEFECT,PRODUCT_DEFECT,WARRANTY,WARRANTY,Medium,Medium,P2,P2,0,0,tentative
CMP-000410,DS-0385,TECHNICAL_SUPPORT,TECHNICAL_SUPPORT,TECH_SUPPORT,TECH_SUPPORT,Low,Low,P3,P3,0,0,confident
CMP-000411,DS-0353,STAFF_BEHAVIOR,STAFF_BEHAVIOR,CUSTOMER_RELATIONS,CUSTOMER_RELATIONS,Medium,Medium,P2,P2,0,0,confident
CMP-000412,DS-0297,PRIVACY,PRIVACY,PRIVACY_COMPLIANCE,PRIVACY_COMPLIANCE,Medium,Medium,P2,P2,0,0,confident
CMP-000413,DS-0461,REFUND,REFUND,RETURNS,RETURNS,Medium,Medium,P2,P2,1,1,tentative
CMP-000414,DS-0343,SERVICE_QUALITY,SERVICE_QUALITY,CUSTOMER_RELATIONS,CUSTOMER_RELATIONS,Low,Low,P3,P3,0,0,confident
CMP-000415,DS-0010,DELIVERY,DELIVERY,LOGISTICS,LOGISTICS,Medium,Medium,P2,P2,0,0,confident
CMP-000416,DS-0368,SAFETY,SAFETY,PRODUCT_SAFETY,PRODUCT_SAFETY,Critical,Critical,P0,P0,5,5,confident
CMP-000417,DS-0488,REFUND,REFUND,RETURNS,RETURNS,Low,Medium,P3,P2,1,1,tentative
CMP-000418,DS-0279,TECHNICAL_SUPPORT,TECHNICAL_SUPPORT,TECH_SUPPORT,TECH_SUPPORT,Low,Low,P3,P3,0,0,confident
CMP-000419,DS-0031,DELIVERY,DELIVERY,LOGISTICS,LOGISTICS,High,High,P1,P1,0,0,confident
CMP-000420,DS-0258,TECHNICAL_SUPPORT,TECHNICAL_SUPPORT,TECH_SUPPORT,TECH_SUPPORT,Low,Low,P3,P3,0,0,confident
CMP-000421,DS-0504,DELIVERY,DELIVERY,LOGISTICS,LOGISTICS,Medium,Medium,P2,P2,1,1,confident
CMP-000422,DS-0118,PRODUCT_DEFECT,PRODUCT_DEFECT,RETURNS,RETURNS,Medium,Medium,P2,P2,0,0,confident
CMP-000423,DS-0261,TECHNICAL_SUPPORT,TECHNICAL_SUPPORT,TECH_SUPPORT,TECH_SUPPORT,Low,Low,P3,P3,0,0,confident
CMP-000424,DS-0480,REFUND,REFUND,RETURNS,RETURNS,Low,Medium,P3,P2,1,1,tentative
CMP-000425,DS-0458,BILLING,BILLING,BILLING,BILLING,Medium,Medium,P2,P2,0,0,tentative
CMP-000426,DS-0411,DELIVERY,REFUND,RETURNS,RETURNS,Medium,Medium,P2,P2,0,0,confident
CMP-000427,DS-0412,DELIVERY,DELIVERY,RETURNS,LOGISTICS,Medium,Medium,P2,P2,0,0,confident
CMP-000428,DS-0213,WARRANTY,WARRANTY,WARRANTY,WARRANTY,Medium,Medium,P2,P2,0,0,confident
CMP-000429,DS-0415,DELIVERY,DELIVERY,LOGISTICS,LOGISTICS,Medium,Medium,P2,P2,0,0,confident
CMP-000430,DS-0517,DELIVERY,DELIVERY,LOGISTICS,LOGISTICS,High,High,P1,P1,1,1,confident
CMP-000431,DS-0111,PRODUCT_DEFECT,PRODUCT_DEFECT,RETURNS,RETURNS,Medium,Medium,P2,P2,0,0,confident
CMP-000432,DS-0020,DELIVERY,DELIVERY,LOGISTICS,LOGISTICS,Medium,Medium,P2,P2,0,0,tentative
CMP-000433,DS-0173,REFUND,RETURNS_REPLACEMENT,RETURNS,RETURNS,Medium,Medium,P2,P2,0,0,confident
CMP-000434,DS-0370,SAFETY,SAFETY,PRODUCT_SAFETY,PRODUCT_SAFETY,Critical,Critical,P0,P0,5,5,confident
CMP-000435,DS-0402,REFUND,REFUND,RETURNS,RETURNS,High,High,P1,P1,4,4,confident
CMP-000436,DS-0149,BILLING,BILLING,BILLING,BILLING,Low,Low,P3,P3,0,0,confident
CMP-000437,DS-0503,WARRANTY,WARRANTY,WARRANTY,WARRANTY,High,High,P1,P1,1,1,tentative
CMP-000438,DS-0001,DELIVERY,DELIVERY,LOGISTICS,LOGISTICS,Medium,Medium,P2,P2,0,0,confident
CMP-000439,DS-0336,SERVICE_QUALITY,SERVICE_QUALITY,CUSTOMER_RELATIONS,CUSTOMER_RELATIONS,Medium,Medium,P2,P2,0,0,confident
CMP-000440,DS-0494,DELIVERY,DELIVERY,LOGISTICS,LOGISTICS,Medium,Medium,P2,P2,1,1,confident
CMP-000441,DS-0152,BILLING,BILLING,BILLING,BILLING,Low,Low,P3,P3,0,0,confident
CMP-000442,DS-0466,REFUND,REFUND,RETURNS,RETURNS,Medium,Medium,P2,P2,1,1,confident
CMP-000443,DS-0121,BILLING,BILLING,BILLING,BILLING,High,High,P1,P1,1,1,confident
CMP-000444,DS-0145,BILLING,BILLING,BILLING,BILLING,Medium,Medium,P2,P2,0,0,confident
CMP-000445,DS-0094,PRODUCT_DEFECT,PRODUCT_DEFECT,WARRANTY,WARRANTY,Low,Low,P3,P3,0,0,tentative
CMP-000446,DS-0342,SERVICE_QUALITY,SERVICE_QUALITY,CUSTOMER_RELATIONS,CUSTOMER_RELATIONS,Low,Low,P3,P3,0,0,confident
CMP-000447,DS-0417,DELIVERY,DELIVERY,LOGISTICS,LOGISTICS,Medium,Medium,P2,P2,0,0,confident
CMP-000448,DS-0244,ACCOUNT,ACCOUNT,ACCOUNT_SECURITY,ACCOUNT_SECURITY,Critical,Critical,P0,P0,4,4,confident
CMP-000449,DS-0050,DELIVERY,DELIVERY,LOGISTICS,LOGISTICS,High,High,P1,P1,0,0,confident
CMP-000450,DS-0341,SERVICE_QUALITY,SERVICE_QUALITY,CUSTOMER_RELATIONS,CUSTOMER_RELATIONS,Medium,Medium,P2,P2,0,0,confident
CMP-000451,DS-0230,ACCOUNT,ACCOUNT,ACCOUNT_SECURITY,ACCOUNT_SECURITY,Low,Low,P3,P3,0,0,confident
CMP-000452,DS-0349,STAFF_BEHAVIOR,STAFF_BEHAVIOR,CUSTOMER_RELATIONS,CUSTOMER_RELATIONS,Medium,Medium,P2,P2,0,0,confident
CMP-000453,DS-0489,REFUND,REFUND,RETURNS,RETURNS,Low,Medium,P3,P2,1,1,tentative
CMP-000454,DS-0079,PRODUCT_DEFECT,PRODUCT_DEFECT,RETURNS,RETURNS,Medium,Medium,P2,P2,0,0,confident
CMP-000455,DS-0268,TECHNICAL_SUPPORT,PRODUCT_DEFECT,TECH_SUPPORT,WARRANTY,Medium,Medium,P2,P2,0,0,confident
CMP-000456,DS-0409,DELIVERY,REFUND,RETURNS,RETURNS,Medium,Medium,P2,P2,0,0,confident
CMP-000457,DS-0309,SAFETY,SAFETY,PRODUCT_SAFETY,PRODUCT_SAFETY,Critical,Critical,P0,P0,5,5,confident
CMP-000458,DS-0016,DELIVERY,DELIVERY,LOGISTICS,LOGISTICS,Medium,Medium,P2,P2,0,0,confident
CMP-000459,DS-0408,DELIVERY,DELIVERY,RETURNS,LOGISTICS,Medium,Medium,P2,P2,0,0,confident
CMP-000460,DS-0446,DELIVERY,DELIVERY,LOGISTICS,LOGISTICS,Low,Low,P3,P3,0,0,confident
CMP-000461,DS-0257,TECHNICAL_SUPPORT,TECHNICAL_SUPPORT,TECH_SUPPORT,TECH_SUPPORT,Low,Low,P3,P3,0,0,confident
CMP-000462,DS-0328,SERVICE_QUALITY,SERVICE_QUALITY,CUSTOMER_RELATIONS,CUSTOMER_RELATIONS,Low,Low,P3,P3,0,0,confident
CMP-000463,DS-0406,DELIVERY,DELIVERY,RETURNS,LOGISTICS,Medium,Medium,P2,P2,0,0,confident
CMP-000464,DS-0231,ACCOUNT,ACCOUNT,ACCOUNT_SECURITY,ACCOUNT_SECURITY,Low,Low,P3,P3,0,0,confident
CMP-000465,DS-0434,ACCOUNT,ACCOUNT,ACCOUNT_SECURITY,ACCOUNT_SECURITY,Medium,Medium,P2,P2,0,0,confident
CMP-000466,DS-0045,DELIVERY,DELIVERY,LOGISTICS,LOGISTICS,High,High,P1,P1,0,0,confident
CMP-000467,DS-0374,TECHNICAL_SUPPORT,TECHNICAL_SUPPORT,TECH_SUPPORT,TECH_SUPPORT,Low,Low,P3,P3,0,0,confident
CMP-000468,DS-0221,WARRANTY,WARRANTY,WARRANTY,WARRANTY,Medium,Medium,P2,P2,0,0,tentative
CMP-000469,DS-0460,REFUND,REFUND,RETURNS,RETURNS,Medium,Medium,P2,P2,1,1,tentative
CMP-000470,DS-0167,REFUND,REFUND,RETURNS,RETURNS,Medium,Medium,P2,P2,0,0,confident
CMP-000471,DS-0478,BILLING,REFUND,BILLING,RETURNS,Low,Medium,P3,P2,0,0,tentative
CMP-000472,DS-0002,DELIVERY,DELIVERY,LOGISTICS,LOGISTICS,Medium,Medium,P2,P2,0,0,confident
CMP-000473,DS-0432,ACCOUNT,ACCOUNT,ACCOUNT_SECURITY,ACCOUNT_SECURITY,Medium,Medium,P2,P2,0,0,confident
CMP-000474,DS-0036,DELIVERY,DELIVERY,LOGISTICS,LOGISTICS,High,High,P1,P1,0,0,confident
CMP-000475,DS-0100,PRODUCT_DEFECT,PRODUCT_DEFECT,WARRANTY,WARRANTY,Low,Low,P3,P3,0,0,tentative
CMP-000476,DS-0212,WARRANTY,WARRANTY,WARRANTY,WARRANTY,Medium,Medium,P2,P2,0,0,confident
CMP-000477,DS-0103,PRODUCT_DEFECT,PRODUCT_DEFECT,RETURNS,RETURNS,Medium,Medium,P2,P2,0,0,confident
CMP-000478,DS-0188,RETURNS_REPLACEMENT,RETURNS_REPLACEMENT,RETURNS,RETURNS,Medium,Medium,P2,P2,0,0,confident
CMP-000479,DS-0037,DELIVERY,DELIVERY,LOGISTICS,LOGISTICS,High,High,P1,P1,0,0,confident
CMP-000480,DS-0275,TECHNICAL_SUPPORT,TECHNICAL_SUPPORT,TECH_SUPPORT,TECH_SUPPORT,Low,Low,P3,P3,0,0,confident
CMP-000481,DS-0235,ACCOUNT,ACCOUNT,ACCOUNT_SECURITY,ACCOUNT_SECURITY,Low,Low,P3,P3,0,0,confident
CMP-000482,DS-0273,TECHNICAL_SUPPORT,TECHNICAL_SUPPORT,TECH_SUPPORT,TECH_SUPPORT,Low,Low,P3,P3,0,0,confident
CMP-000483,DS-0438,PRODUCT_DEFECT,PRODUCT_DEFECT,RETURNS,RETURNS,Medium,Medium,P2,P2,0,0,tentative
CMP-000484,DS-0371,SAFETY,SAFETY,PRODUCT_SAFETY,PRODUCT_SAFETY,Critical,Critical,P0,P0,5,5,confident
CMP-000485,DS-0359,STAFF_BEHAVIOR,STAFF_BEHAVIOR,CUSTOMER_RELATIONS,CUSTOMER_RELATIONS,Medium,Medium,P2,P2,0,0,confident
CMP-000486,DS-0528,TECHNICAL_SUPPORT,TECHNICAL_SUPPORT,TECH_SUPPORT,TECH_SUPPORT,Low,Low,P3,P3,0,0,confident
CMP-000487,DS-0469,DELIVERY,DELIVERY,LOGISTICS,LOGISTICS,Medium,Medium,P2,P2,1,1,confident
CMP-000488,DS-0477,BILLING,REFUND,BILLING,RETURNS,Low,Medium,P3,P2,0,0,tentative
CMP-000489,DS-0013,DELIVERY,DELIVERY,LOGISTICS,LOGISTICS,Medium,Medium,P2,P2,0,0,confident
CMP-000490,DS-0442,PRODUCT_DEFECT,PRODUCT_DEFECT,RETURNS,RETURNS,Medium,Medium,P2,P2,0,0,confident
CMP-000491,DS-0357,STAFF_BEHAVIOR,STAFF_BEHAVIOR,CUSTOMER_RELATIONS,CUSTOMER_RELATIONS,Medium,Medium,P2,P2,0,0,confident
CMP-000492,DS-0243,ACCOUNT,ACCOUNT,ACCOUNT_SECURITY,ACCOUNT_SECURITY,Medium,Medium,P2,P2,0,0,confident
CMP-000493,DS-0467,REFUND,REFUND,RETURNS,RETURNS,Medium,Medium,P2,P2,1,1,confident
CMP-000494,DS-0250,ACCOUNT,ACCOUNT,ACCOUNT_SECURITY,ACCOUNT_SECURITY,Critical,Critical,P0,P0,4,4,confident
CMP-000495,DS-0400,REFUND,REFUND,RETURNS,RETURNS,High,High,P1,P1,4,4,confident
CMP-000496,DS-0137,BILLING,BILLING,BILLING,BILLING,Medium,Medium,P2,P2,0,0,tentative
CMP-000497,DS-0456,BILLING,BILLING,BILLING,BILLING,Medium,Medium,P2,P2,0,0,tentative
CMP-000498,DS-0119,BILLING,BILLING,BILLING,BILLING,High,High,P1,P1,1,1,confident
CMP-000499,DS-0171,REFUND,RETURNS_REPLACEMENT,RETURNS,RETURNS,Medium,Medium,P2,P2,0,0,confident
CMP-000500,DS-0025,DELIVERY,DELIVERY,LOGISTICS,LOGISTICS,Medium,Medium,P2,P2,0,0,confident
CMP-000501,DS-0206,RETURNS_REPLACEMENT,RETURNS_REPLACEMENT,RETURNS,RETURNS,Medium,Medium,P2,P2,0,0,confident
CMP-000502,DS-0367,SAFETY,SAFETY,PRODUCT_SAFETY,PRODUCT_SAFETY,Critical,Critical,P0,P0,5,5,confident
CMP-000503,DS-0126,BILLING,BILLING,BILLING,BILLING,Medium,Medium,P2,P2,0,0,confident
CMP-000504,DS-0377,TECHNICAL_SUPPORT,TECHNICAL_SUPPORT,TECH_SUPPORT,TECH_SUPPORT,Low,Low,P3,P3,0,0,confident
CMP-000505,DS-0443,PRODUCT_DEFECT,PRODUCT_DEFECT,RETURNS,RETURNS,Medium,Medium,P2,P2,0,0,tentative
CMP-000506,DS-0165,REFUND,REFUND,RETURNS,RETURNS,Medium,Medium,P2,P2,0,0,confident
CMP-000507,DS-0056,DELIVERY,DELIVERY,LOGISTICS,LOGISTICS,Medium,Medium,P2,P2,0,0,confident
CMP-000508,DS-0509,DELIVERY,DELIVERY,LOGISTICS,LOGISTICS,Medium,Medium,P2,P2,1,1,confident
CMP-000509,DS-0356,STAFF_BEHAVIOR,STAFF_BEHAVIOR,CUSTOMER_RELATIONS,CUSTOMER_RELATIONS,Medium,Medium,P2,P2,0,0,confident
CMP-000510,DS-0276,TECHNICAL_SUPPORT,TECHNICAL_SUPPORT,TECH_SUPPORT,TECH_SUPPORT,Low,Low,P3,P3,0,0,confident
CMP-000511,DS-0429,SAFETY,SAFETY,PRODUCT_SAFETY,PRODUCT_SAFETY,Critical,Critical,P0,P0,5,5,confident
CMP-000512,DS-0510,DELIVERY,DELIVERY,LOGISTICS,LOGISTICS,Medium,Medium,P2,P2,1,1,confident
CMP-000513,DS-0259,TECHNICAL_SUPPORT,TECHNICAL_SUPPORT,TECH_SUPPORT,TECH_SUPPORT,Low,Low,P3,P3,0,0,confident
CMP-000514,DS-0278,TECHNICAL_SUPPORT,TECHNICAL_SUPPORT,TECH_SUPPORT,TECH_SUPPORT,Low,Low,P3,P3,0,0,confident
CMP-000515,DS-0413,DELIVERY,DELIVERY,LOGISTICS,LOGISTICS,Medium,Medium,P2,P2,0,0,confident
CMP-000516,DS-0335,SERVICE_QUALITY,SERVICE_QUALITY,CUSTOMER_RELATIONS,CUSTOMER_RELATIONS,Medium,Medium,P2,P2,0,0,confident
CMP-000517,DS-0483,REFUND,REFUND,RETURNS,RETURNS,Low,Medium,P3,P2,1,1,tentative
CMP-000518,DS-0085,PRODUCT_DEFECT,PRODUCT_DEFECT,WARRANTY,WARRANTY,Medium,Medium,P2,P2,0,0,confident
CMP-000519,DS-0157,BILLING,BILLING,BILLING,BILLING,Low,Low,P3,P3,0,0,confident
CMP-000520,DS-0198,RETURNS_REPLACEMENT,RETURNS_REPLACEMENT,RETURNS,RETURNS,Medium,Medium,P2,P2,0,0,confident
CMP-000521,DS-0182,REFUND,REFUND,RETURNS,RETURNS,Medium,Medium,P2,P2,0,0,confident
CMP-000522,DS-0033,DELIVERY,DELIVERY,LOGISTICS,LOGISTICS,High,High,P1,P1,0,0,confident
CMP-000523,DS-0054,DELIVERY,DELIVERY,LOGISTICS,LOGISTICS,Medium,Medium,P2,P2,0,0,confident
CMP-000524,DS-0146,BILLING,BILLING,BILLING,BILLING,Medium,Medium,P2,P2,0,0,confident
CMP-000525,DS-0255,TECHNICAL_SUPPORT,TECHNICAL_SUPPORT,TECH_SUPPORT,TECH_SUPPORT,Low,Low,P3,P3,0,0,confident
CMP-000526,DS-0004,DELIVERY,DELIVERY,LOGISTICS,LOGISTICS,Medium,Medium,P2,P2,0,0,confident
CMP-000527,DS-0354,STAFF_BEHAVIOR,STAFF_BEHAVIOR,CUSTOMER_RELATIONS,CUSTOMER_RELATIONS,Medium,Medium,P2,P2,0,0,confident
CMP-000528,DS-0519,REFUND,REFUND,BILLING,BILLING,Medium,Medium,P2,P2,1,1,tentative
CMP-000529,DS-0513,REFUND,REFUND,BILLING,BILLING,Medium,Medium,P2,P2,1,1,tentative
CMP-000530,DS-0521,RETURNS_REPLACEMENT,RETURNS_REPLACEMENT,RETURNS,RETURNS,High,High,P1,P1,1,1,confident
CMP-000531,DS-0516,DELIVERY,DELIVERY,LOGISTICS,LOGISTICS,High,High,P1,P1,1,1,confident
