rule_id,condition,department,supporting_departments,urgency,priority,escalation_level,required_actions,prohibited_actions,policy_refs,follow_up,rule_priority,description
ESC-001,safety_hazard,PRODUCT_SAFETY,MGMT_ESCALATIONS,Critical,P0,5,ADVISE_STOP_USING_PRODUCT;OPEN_SAFETY_INCIDENT;ESCALATE_TO_CRITICAL_MANAGEMENT,DISCUSS_LIABILITY;GUARANTEE_REPLACEMENT_BEFORE_ASSESSMENT,ESC-PRC-01#3.1;SAF-SOP-01#2,ESCALATION_ACKNOWLEDGEMENT@2,100,Any safety hazard wording: critical escalation regardless of tone or category
ESC-002,injury,PRODUCT_SAFETY,MGMT_ESCALATIONS;PRIVACY_COMPLIANCE,Critical,P0,5,ADVISE_STOP_USING_PRODUCT;OPEN_SAFETY_INCIDENT;ESCALATE_TO_CRITICAL_MANAGEMENT;ESCALATE_TO_COMPLIANCE,DISCUSS_LIABILITY,ESC-PRC-01#3.1;SAF-SOP-01#6,ESCALATION_ACKNOWLEDGEMENT@2,100,Injury or property damage reported
ESC-003,category == 'SAFETY',PRODUCT_SAFETY,MGMT_ESCALATIONS,Critical,P0,5,ADVISE_STOP_USING_PRODUCT;OPEN_SAFETY_INCIDENT;ESCALATE_TO_CRITICAL_MANAGEMENT,DISCUSS_LIABILITY,ESC-PRC-01#3.1,ESCALATION_ACKNOWLEDGEMENT@2,100,Primary safety issue
ESC-004,'SAFETY' in issue_categories and category != 'SAFETY',PRODUCT_SAFETY,MGMT_ESCALATIONS,Critical,P0,5,ADVISE_STOP_USING_PRODUCT;OPEN_SAFETY_INCIDENT;ESCALATE_TO_CRITICAL_MANAGEMENT,DISCUSS_LIABILITY,ESC-PRC-01#3.1;RTG-RUL-01#3,ESCALATION_ACKNOWLEDGEMENT@2,100,Safety issue mentioned as a secondary issue still becomes primary
ESC-005,privacy_exposure,PRIVACY_COMPLIANCE,ACCOUNT_SECURITY,Critical,P0,4,OPEN_PRIVACY_INCIDENT;ESCALATE_TO_COMPLIANCE,DISCUSS_LIABILITY,ESC-PRC-01#3.2;PRV-POL-01#3,ESCALATION_ACKNOWLEDGEMENT@4,95,Personal data exposed to another person
ESC-006,subcategory == 'DATA_EXPOSURE' or 'PRIVACY' in issue_categories and privacy_exposure,PRIVACY_COMPLIANCE,,Critical,P0,4,OPEN_PRIVACY_INCIDENT;ESCALATE_TO_COMPLIANCE,DISCUSS_LIABILITY,ESC-PRC-01#3.2,ESCALATION_ACKNOWLEDGEMENT@4,95,Data exposure classified issue
ESC-007,account_compromise,ACCOUNT_SECURITY,PRIVACY_COMPLIANCE,Critical,P0,4,SECURE_ACCOUNT;OPEN_SECURITY_INCIDENT;ESCALATE_TO_COMPLIANCE,PROMISE_REFUND_BEFORE_VERIFICATION,ESC-PRC-01#3.2;ACC-POL-01#4,ESCALATION_ACKNOWLEDGEMENT@4,95,Unauthorised access or transactions
ESC-008,subcategory == 'UNAUTHORIZED_ACCESS' or 'ACCOUNT' in issue_categories and account_compromise,ACCOUNT_SECURITY,,Critical,P0,4,SECURE_ACCOUNT;OPEN_SECURITY_INCIDENT;ESCALATE_TO_COMPLIANCE,,ESC-PRC-01#3.2,ESCALATION_ACKNOWLEDGEMENT@4,95,Classified unauthorised access
ESC-009,legal_threat,,PRIVACY_COMPLIANCE,High,P1,4,ESCALATE_TO_COMPLIANCE,DISCUSS_LIABILITY;GRANT_POLICY_EXCEPTION,ESC-PRC-01#3.3;CPL-GDL-01#3,ESCALATION_ACKNOWLEDGEMENT@24,90,Legal action or regulator mentioned: compliance review
ESC-010,repeat_count >= 2,,MGMT_ESCALATIONS,High,P1,2,VERIFY_COMPLAINT_HISTORY;ESCALATE_TO_MANAGER,,ESC-PRC-01#3.4;CMP-SOP-01#6,RESOLUTION_CONFIRMATION@24,85,Third complaint within 60 days
ESC-011,repeat_count == 1 and repeat_contact,,,Medium,P2,1,VERIFY_COMPLAINT_HISTORY;ESCALATE_TO_SUPERVISOR,,CMP-SOP-01#6,RESOLUTION_CONFIRMATION@48,70,Second contact about an unresolved issue
ESC-012,order_amount > 1000 and (requests_refund or requests_replacement or requests_compensation),,MGMT_ESCALATIONS,High,P1,2,VERIFY_ORDER;ESCALATE_TO_MANAGER,PROMISE_REFUND_BEFORE_VERIFICATION;GRANT_POLICY_EXCEPTION,ESC-PRC-01#3.5,RESOLUTION_CONFIRMATION@24,85,High-value dispute over USD 1000
ESC-013,disputed_amount > 1000,,MGMT_ESCALATIONS,High,P1,2,VERIFY_TRANSACTION;ESCALATE_TO_MANAGER,PROMISE_REFUND_BEFORE_VERIFICATION,ESC-PRC-01#3.5;BIL-POL-01#5,RESOLUTION_CONFIRMATION@24,85,Disputed amount over USD 1000
ESC-014,policy_claim,,,,,1,VERIFY_ORDER;ESCALATE_TO_SUPERVISOR,GRANT_POLICY_EXCEPTION;PROMISE_REFUND_BEFORE_VERIFICATION,ESC-PRC-01#3.6;CMP-SOP-01#3,RESOLUTION_CONFIRMATION@48,60,Customer asserts a policy or promise: verify before responding
ESC-015,prompt_injection,,,,,1,ESCALATE_TO_SUPERVISOR,GRANT_POLICY_EXCEPTION;PROMISE_REFUND_BEFORE_VERIFICATION,CMP-SOP-01#3,RESOLUTION_CONFIRMATION@48,60,Complaint contains instructions aimed at the system: human review
ESC-016,subcategory == 'REPEATED_REPAIR' and repeated_repair,WARRANTY,,High,P1,3,VERIFY_REPAIR_HISTORY;ESCALATE_TO_SPECIALIST;CHECK_REPLACEMENT_ELIGIBILITY,GUARANTEE_REPLACEMENT_BEFORE_ASSESSMENT,WAR-POL-02#3.2;WAR-POL-02#3.3,REPLACEMENT_STATUS_UPDATE@48,75,Fault repaired repeatedly: warranty specialist
ESC-017,category == 'WARRANTY' and repeat_count >= 1,,,Medium,P2,1,VERIFY_REPAIR_HISTORY;ESCALATE_TO_SUPERVISOR,,WAR-POL-02#4,REPAIR_STATUS_UPDATE@48,60,Repeat warranty complaint
ESC-018,subcategory == 'LOST_PARCEL' and order_amount > 500,,,High,P1,1,OPEN_COURIER_INVESTIGATION;ESCALATE_TO_SUPERVISOR,PROMISE_REFUND_BEFORE_VERIFICATION,DEL-POL-04#4.2;DEL-SOP-01#4,DELIVERY_STATUS_UPDATE@24,65,Lost parcel worth over USD 500
ESC-019,days_late > 15,,,High,P1,1,OPEN_COURIER_INVESTIGATION;ESCALATE_TO_SUPERVISOR,PROMISE_CASH_COMPENSATION,DEL-POL-04#4.2;ESC-PRC-01#3.7,DELIVERY_STATUS_UPDATE@24,65,Severe delivery failure (over 15 business days late)
ESC-020,subcategory == 'DATA_DELETION_REQUEST' and repeat_contact,PRIVACY_COMPLIANCE,,High,P1,4,ESCALATE_TO_COMPLIANCE;PROCESS_DATA_DELETION,,PRV-POL-01#5;ESC-PRC-01#3.2,ESCALATION_ACKNOWLEDGEMENT@24,80,Deletion request ignored
ESC-021,cancellation_threat and is_vip,,CUSTOMER_RELATIONS,,,1,ESCALATE_TO_SUPERVISOR,,SRV-POL-01#5,RESOLUTION_CONFIRMATION@48,50,VIP threatening to leave: retention review (does not raise priority)
ESC-022,category == 'STAFF_BEHAVIOR' and repeat_count >= 1,,,Medium,P2,1,RECORD_STAFF_FEEDBACK;ESCALATE_TO_SUPERVISOR,,SRV-POL-01#2;CMP-SOP-01#6,RESOLUTION_CONFIRMATION@48,55,Repeat staff conduct complaint
ESC-023,subcategory == 'REFUND_DELAY' and repeat_count >= 1,,BILLING,Medium,P2,1,VERIFY_TRANSACTION;ESCALATE_TO_SUPERVISOR,PROMISE_BANK_POSTING_DATE,REF-POL-01#4.2;CMP-SOP-01#6,REFUND_STATUS_UPDATE@24,60,Refund delay raised again: Billing traces the payment
ESC-024,subcategory == 'DUPLICATE_CHARGE' and disputed_amount > 500,,,High,P1,1,VERIFY_TRANSACTION;ESCALATE_TO_SUPERVISOR,PROMISE_REFUND_BEFORE_VERIFICATION,BIL-POL-01#3,REFUND_STATUS_UPDATE@24,60,Duplicate charge over USD 500
ESC-025,subcategory == 'REPLACEMENT_DELAY' and repeat_count >= 1,,,High,P1,1,SEND_STATUS_UPDATE;ESCALATE_TO_SUPERVISOR,PROMISE_DELIVERY_DATE_UNVERIFIED,RET-SOP-01#5;ESC-PRC-01#3.7,REPLACEMENT_STATUS_UPDATE@24,60,Replacement delay raised again
ESC-026,requests_compensation and category == 'DELIVERY' and days_late <= 5,,,,,1,CHECK_COMPENSATION_ELIGIBILITY;ESCALATE_TO_SUPERVISOR,PROMISE_CASH_COMPENSATION;GRANT_POLICY_EXCEPTION,DEL-POL-04#5.1;DEL-POL-04#5.3;ESC-PRC-01#3.6,RESOLUTION_CONFIRMATION@48,55,Compensation requested where policy gives none: policy exception review
ESC-027,requests_compensation and category == 'DELIVERY' and not has_order,,,,,1,REQUEST_MISSING_INFORMATION;ESCALATE_TO_SUPERVISOR,PROMISE_CASH_COMPENSATION,DEL-POL-04#5.1;ESC-PRC-01#3.6,REQUEST_INFORMATION@48,55,Compensation requested without verifiable order
ESC-028,requests_refund and category == 'REFUND' and subcategory == 'REFUND_DENIED' and days_since_delivery > 30,,,,,1,EXPLAIN_POLICY;ESCALATE_TO_SUPERVISOR,GRANT_POLICY_EXCEPTION;PROMISE_REFUND_BEFORE_VERIFICATION,REF-POL-01#2;ESC-PRC-01#3.6,RESOLUTION_CONFIRMATION@48,55,Refund outside policy requested: exception needs supervisor review
ESC-029,requests_replacement and category == 'WARRANTY' and days_since_delivery > 730,,,,,1,EXPLAIN_POLICY;ESCALATE_TO_SUPERVISOR,GRANT_POLICY_EXCEPTION;GUARANTEE_REPLACEMENT_BEFORE_ASSESSMENT,WAR-POL-02#1;ESC-PRC-01#3.6,RESOLUTION_CONFIRMATION@48,55,Replacement requested outside warranty: exception review
ESC-030,unresolved_repeat_count >= 2,,MGMT_ESCALATIONS,High,P1,2,VERIFY_COMPLAINT_HISTORY;ESCALATE_TO_MANAGER,,ESC-PRC-01#3.4,RESOLUTION_CONFIRMATION@24,85,Two or more earlier complaints still unresolved
ESC-031,category == 'PRIVACY' and legal_threat,PRIVACY_COMPLIANCE,,Critical,P0,4,ESCALATE_TO_COMPLIANCE,DISCUSS_LIABILITY,CPL-GDL-01#3;PRV-POL-01#6,ESCALATION_ACKNOWLEDGEMENT@4,95,Privacy complaint with legal threat
ESC-032,'SAFETY' in issue_categories and legal_threat,PRODUCT_SAFETY,PRIVACY_COMPLIANCE;MGMT_ESCALATIONS,Critical,P0,5,ESCALATE_TO_CRITICAL_MANAGEMENT;ESCALATE_TO_COMPLIANCE,DISCUSS_LIABILITY,CPL-GDL-01#3;SAF-SOP-01#5,ESCALATION_ACKNOWLEDGEMENT@2,100,Safety incident with legal threat
